      Date,      Time,    Dp>0.3,    Dp>0.5,    Dp>1.0,    Dp>2.5,    Dp>5.0,   Dp>10.0,   PM1_Std, PM2.5_Std,  PM10_Std,   PM1_Env, PM2.5_Env,  PM10_Env
12/22/2020,    14:02:00,30,10,3,3,0,0,0,0,0,0,0,0
12/22/2020,   14:02:10,0,0,0,0,0,0,0,0,0,0,0,0
12/22/2020,   14:02:20,0,0,0,0,0,0,0,0,0,0,0,0
12/22/2020,   14:02:30,9,3,0,0,0,0,0,0,0,0,0,0
12/22/2020,   14:02:40,9,3,0,0,0,0,0,0,0,0,0,0
12/22/2020,   14:02:50,0,0,0,0,0,0,0,0,0,0,0,0
12/22/2020,    14:03:00,9,0,0,0,0,0,0,0,0,0,0,0
12/22/2020,   14:03:10,9,0,0,0,0,0,0,0,0,0,0,0
12/22/2020,   14:03:20,0,0,0,0,0,0,0,0,0,0,0,0
12/22/2020,   14:03:30,0,0,0,0,0,0,0,0,0,0,0,0
12/22/2020,   14:03:40,0,0,0,0,0,0,0,0,0,0,0,0
12/22/2020,   14:03:55,0,0,0,0,0,0,0,0,0,0,0,0
12/22/2020,    14:04:05,18,6,0,0,0,0,0,0,0,0,0,0
12/22/2020,   14:04:15,9,3,0,0,0,0,0,0,0,0,0,0
12/22/2020,   14:04:25,0,0,0,0,0,0,0,0,0,0,0,0
12/22/2020,   14:04:35,9,3,0,0,0,0,0,0,0,0,0,0
12/22/2020,   14:04:45,0,0,0,0,0,0,0,0,0,0,0,0
12/22/2020,   14:04:55,0,0,0,0,0,0,0,0,0,0,0,0
12/22/2020,    14:05:05,0,0,0,0,0,0,0,0,0,0,0,0
12/22/2020,   14:05:15,0,0,0,0,0,0,0,0,0,0,0,0
12/22/2020,   14:05:25,0,0,0,0,0,0,0,0,0,0,0,0
12/22/2020,   14:05:35,9,3,0,0,0,0,0,0,0,0,0,0
12/22/2020,   14:05:45,9,3,0,0,0,0,0,0,0,0,0,0
12/22/2020,   14:05:55,0,0,0,0,0,0,0,0,0,0,0,0
12/22/2020,    14:06:05,9,3,0,0,0,0,0,0,0,0,0,0
12/22/2020,   14:06:15,0,0,0,0,0,0,0,0,0,0,0,0
12/22/2020,   14:06:25,0,0,0,0,0,0,0,0,0,0,0,0
12/22/2020,   14:06:35,0,0,0,0,0,0,0,0,0,0,0,0
12/22/2020,   14:06:45,0,0,0,0,0,0,0,0,0,0,0,0
12/22/2020,   14:06:55,0,0,0,0,0,0,0,0,0,0,0,0
12/22/2020,    14:07:05,0,0,0,0,0,0,0,0,0,0,0,0
12/22/2020,   14:07:15,0,0,0,0,0,0,0,0,0,0,0,0
12/22/2020,   14:07:25,9,3,0,0,0,0,0,0,0,0,0,0
12/22/2020,   14:07:35,9,3,0,0,0,0,0,0,0,0,0,0
12/22/2020,   14:07:45,0,0,0,0,0,0,0,0,0,0,0,0
12/22/2020,   14:07:55,18,6,0,0,0,0,0,0,0,0,0,0
12/22/2020,    14:08:05,18,6,0,0,0,0,0,0,0,0,0,0
12/22/2020,   14:08:15,0,0,0,0,0,0,0,0,0,0,0,0
12/22/2020,   14:08:25,0,0,0,0,0,0,0,0,0,0,0,0
12/22/2020,   14:08:35,0,0,0,0,0,0,0,0,0,0,0,0
12/22/2020,   14:08:45,0,0,0,0,0,0,0,0,0,0,0,0
12/22/2020,   14:08:55,18,3,0,0,0,0,0,0,0,0,0,0
12/22/2020,    14:09:05,18,3,0,0,0,0,0,0,0,0,0,0
12/22/2020,   14:09:15,0,0,0,0,0,0,0,0,0,0,0,0
12/22/2020,   14:09:25,0,0,0,0,0,0,0,0,0,0,0,0
12/22/2020,   14:09:35,0,0,0,0,0,0,0,0,0,0,0,0
12/22/2020,   14:09:45,9,3,0,0,0,0,0,0,0,0,0,0
12/22/2020,   14:09:55,18,6,0,0,0,0,0,0,0,0,0,0
12/22/2020,   14:10:05,30,10,0,0,0,0,0,0,0,0,0,0
12/22/2020,  14:10:15,174,50,3,0,0,0,0,1,1,0,1,1
12/22/2020,  14:10:25,9,3,0,0,0,0,0,0,0,0,0,0
12/22/2020,  14:10:35,9,3,0,0,0,0,0,0,0,0,0,0
12/22/2020,  14:10:45,9,3,0,0,0,0,0,0,0,0,0,0
12/22/2020,  14:10:55,0,0,0,0,0,0,0,0,0,0,0,0
12/22/2020,   14:11:05,0,0,0,0,0,0,0,0,0,0,0,0
12/22/2020,  14:11:15,0,0,0,0,0,0,0,0,0,0,0,0
12/22/2020,  14:11:25,9,3,0,0,0,0,0,0,0,0,0,0
12/22/2020,  14:11:35,54,14,0,0,0,0,0,0,0,0,0,0
12/22/2020,  14:11:45,54,14,0,0,0,0,0,0,0,0,0,0
12/22/2020,  14:11:55,18,6,0,0,0,0,0,0,0,0,0,0
12/22/2020,   14:12:05,0,0,0,0,0,0,0,0,0,0,0,0
12/22/2020,  14:12:15,0,0,0,0,0,0,0,0,0,0,0,0
12/22/2020,  14:12:25,18,6,6,6,3,3,0,0,3,0,0,3
12/22/2020,  14:12:35,9,3,3,3,3,3,0,0,2,0,0,2
12/22/2020,  14:12:45,0,0,0,0,0,0,0,0,0,0,0,0
12/22/2020,  14:12:55,0,0,0,0,0,0,0,0,0,0,0,0
12/22/2020,   14:13:05,9,0,0,0,0,0,0,0,0,0,0,0
12/22/2020,  14:13:15,9,0,0,0,0,0,0,0,0,0,0,0
12/22/2020,  14:13:25,0,0,0,0,0,0,0,0,0,0,0,0
12/22/2020,  14:13:35,9,3,0,0,0,0,0,0,0,0,0,0
12/22/2020,  14:13:45,9,3,0,0,0,0,0,0,0,0,0,0
12/22/2020,  14:13:55,18,6,0,0,0,0,0,0,0,0,0,0
12/22/2020,   14:14:05,27,9,3,0,0,0,0,0,0,0,0,0
12/22/2020,  14:14:15,9,3,3,0,0,0,0,0,0,0,0,0
12/22/2020,  14:14:25,9,3,0,0,0,0,0,0,0,0,0,0
12/22/2020,  14:14:35,18,6,0,0,0,0,0,0,0,0,0,0
12/22/2020,  14:14:45,9,3,0,0,0,0,0,0,0,0,0,0
12/22/2020,  14:14:55,0,0,0,0,0,0,0,0,0,0,0,0
12/22/2020,   14:15:05,0,0,0,0,0,0,0,0,0,0,0,0
12/22/2020,  14:15:15,0,0,0,0,0,0,0,0,0,0,0,0
12/22/2020,  14:15:25,0,0,0,0,0,0,0,0,0,0,0,0
12/22/2020,  14:15:35,0,0,0,0,0,0,0,0,0,0,0,0
12/22/2020,  14:15:45,0,0,0,0,0,0,0,0,0,0,0,0
12/22/2020,  14:15:55,0,0,0,0,0,0,0,0,0,0,0,0
12/22/2020,   14:16:05,0,0,0,0,0,0,0,0,0,0,0,0
12/22/2020,  14:16:15,30,6,0,0,0,0,0,0,0,0,0,0
12/22/2020,  14:16:25,21,3,0,0,0,0,0,0,0,0,0,0
12/22/2020,  14:16:35,0,0,0,0,0,0,0,0,0,0,0,0
12/22/2020,  14:16:45,9,3,0,0,0,0,0,0,0,0,0,0
12/22/2020,  14:16:55,18,6,0,0,0,0,0,0,0,0,0,0
12/22/2020,   14:17:05,0,0,0,0,0,0,0,0,0,0,0,0
12/22/2020,  14:17:15,0,0,0,0,0,0,0,0,0,0,0,0
12/22/2020,  14:17:25,0,0,0,0,0,0,0,0,0,0,0,0
12/22/2020,  14:17:35,0,0,0,0,0,0,0,0,0,0,0,0
12/22/2020,  14:17:45,9,3,0,0,0,0,0,0,0,0,0,0
12/22/2020,  14:17:55,0,0,0,0,0,0,0,0,0,0,0,0
12/22/2020,   14:18:05,0,0,0,0,0,0,0,0,0,0,0,0
12/22/2020,  14:18:15,0,0,0,0,0,0,0,0,0,0,0,0
12/22/2020,  14:18:25,9,3,0,0,0,0,0,0,0,0,0,0
12/22/2020,  14:18:35,18,6,0,0,0,0,0,0,0,0,0,0
12/22/2020,  14:18:45,39,13,0,0,0,0,0,0,0,0,0,0
12/22/2020,  14:18:55,51,17,0,0,0,0,0,0,0,0,0,0
12/22/2020,   14:19:05,21,0,0,0,0,0,0,0,0,0,0,0
12/22/2020,  14:19:15,21,0,0,0,0,0,0,0,0,0,0,0
12/22/2020,  14:19:25,9,3,0,0,0,0,0,0,0,0,0,0
12/22/2020,  14:19:35,30,10,0,0,0,0,0,0,0,0,0,0
12/22/2020,  14:19:45,0,0,0,0,0,0,0,0,0,0,0,0
12/22/2020,  14:19:55,9,3,0,0,0,0,0,0,0,0,0,0
12/22/2020,   14:20:05,9,3,0,0,0,0,0,0,0,0,0,0
12/22/2020,  14:20:15,0,0,0,0,0,0,0,0,0,0,0,0
12/22/2020,  14:20:25,0,0,0,0,0,0,0,0,0,0,0,0
12/22/2020,  14:20:35,0,0,0,0,0,0,0,0,0,0,0,0
12/22/2020,  14:20:45,9,3,0,0,0,0,0,0,0,0,0,0
12/22/2020,  14:20:55,18,6,0,0,0,0,0,0,0,0,0,0
12/22/2020,   14:21:05,0,0,0,0,0,0,0,0,0,0,0,0
12/22/2020,  14:21:15,0,0,0,0,0,0,0,0,0,0,0,0
12/22/2020,  14:21:25,9,0,0,0,0,0,0,0,0,0,0,0
12/22/2020,  14:21:35,0,0,0,0,0,0,0,0,0,0,0,0
12/22/2020,  14:21:45,0,0,0,0,0,0,0,0,0,0,0,0
12/22/2020,  14:21:55,0,0,0,0,0,0,0,0,0,0,0,0
12/22/2020,   14:22:05,9,0,0,0,0,0,0,0,0,0,0,0
12/22/2020,  14:22:15,48,13,0,0,0,0,0,0,0,0,0,0
12/22/2020,  14:22:25,30,10,0,0,0,0,0,0,0,0,0,0
12/22/2020,  14:22:35,0,0,0,0,0,0,0,0,0,0,0,0
12/22/2020,  14:22:45,0,0,0,0,0,0,0,0,0,0,0,0
12/22/2020,  14:22:55,9,3,0,0,0,0,0,0,0,0,0,0
12/22/2020,   14:23:05,0,0,0,0,0,0,0,0,0,0,0,0
12/22/2020,  14:23:15,9,3,0,0,0,0,0,0,0,0,0,0
12/22/2020,  14:23:25,9,3,0,0,0,0,0,0,0,0,0,0
12/22/2020,  14:23:35,0,0,0,0,0,0,0,0,0,0,0,0
12/22/2020,  14:23:45,9,3,0,0,0,0,0,0,0,0,0,0
12/22/2020,  14:23:55,0,0,0,0,0,0,0,0,0,0,0,0
12/22/2020,   14:24:05,0,0,0,0,0,0,0,0,0,0,0,0
12/22/2020,  14:24:15,0,0,0,0,0,0,0,0,0,0,0,0
12/22/2020,  14:24:25,9,3,0,0,0,0,0,0,0,0,0,0
12/22/2020,  14:24:35,18,6,0,0,0,0,0,0,0,0,0,0
12/22/2020,  14:24:45,9,3,0,0,0,0,0,0,0,0,0,0
12/22/2020,  14:24:55,9,3,0,0,0,0,0,0,0,0,0,0
12/22/2020,   14:25:05,9,3,0,0,0,0,0,0,0,0,0,0
12/22/2020,  14:25:15,9,3,0,0,0,0,0,0,0,0,0,0
12/22/2020,  14:25:25,9,3,0,0,0,0,0,0,0,0,0,0
12/22/2020,  14:25:35,21,7,0,0,0,0,0,0,0,0,0,0
12/22/2020,  14:25:45,0,0,0,0,0,0,0,0,0,0,0,0
12/22/2020,  14:25:55,0,0,0,0,0,0,0,0,0,0,0,0
12/22/2020,   14:26:05,18,6,0,0,0,0,0,0,0,0,0,0
12/22/2020,  14:26:15,9,3,0,0,0,0,0,0,0,0,0,0
12/22/2020,  14:26:25,0,0,0,0,0,0,0,0,0,0,0,0
12/22/2020,  14:26:35,0,0,0,0,0,0,0,0,0,0,0,0
12/22/2020,  14:26:45,0,0,0,0,0,0,0,0,0,0,0,0
12/22/2020,  14:26:55,9,3,0,0,0,0,0,0,0,0,0,0
12/22/2020,   14:27:05,21,7,0,0,0,0,0,0,0,0,0,0
12/22/2020,  14:27:15,0,0,0,0,0,0,0,0,0,0,0,0
12/22/2020,  14:27:25,18,6,0,0,0,0,0,0,0,0,0,0
12/22/2020,  14:27:35,18,6,0,0,0,0,0,0,0,0,0,0
12/22/2020,  14:27:45,0,0,0,0,0,0,0,0,0,0,0,0
12/22/2020,  14:27:55,0,0,0,0,0,0,0,0,0,0,0,0
12/22/2020,   14:28:05,30,10,3,3,3,0,0,0,1,0,0,1
12/22/2020,  14:28:15,30,10,3,3,3,0,0,0,1,0,0,1
12/22/2020,  14:28:25,0,0,0,0,0,0,0,0,0,0,0,0
12/22/2020,  14:28:35,0,0,0,0,0,0,0,0,0,0,0,0
12/22/2020,  14:28:45,0,0,0,0,0,0,0,0,0,0,0,0
12/22/2020,  14:28:55,9,3,0,0,0,0,0,0,0,0,0,0
12/22/2020,   14:29:05,9,3,0,0,0,0,0,0,0,0,0,0
12/22/2020,  14:29:15,0,0,0,0,0,0,0,0,0,0,0,0
12/22/2020,  14:29:25,18,6,0,0,0,0,0,0,0,0,0,0
12/22/2020,  14:29:35,9,3,0,0,0,0,0,0,0,0,0,0
12/22/2020,  14:29:45,0,0,0,0,0,0,0,0,0,0,0,0
12/22/2020,  14:29:55,0,0,0,0,0,0,0,0,0,0,0,0
12/22/2020,   14:30:05,0,0,0,0,0,0,0,0,0,0,0,0
12/22/2020,  14:30:15,9,3,0,0,0,0,0,0,0,0,0,0
12/22/2020,  14:30:25,27,6,0,0,0,0,0,0,0,0,0,0
12/22/2020,  14:30:35,18,3,0,0,0,0,0,0,0,0,0,0
12/22/2020,  14:30:45,9,3,0,0,0,0,0,0,0,0,0,0
12/22/2020,  14:30:55,9,3,0,0,0,0,0,0,0,0,0,0
12/22/2020,   14:31:05,0,0,0,0,0,0,0,0,0,0,0,0
12/22/2020,  14:31:15,21,7,0,0,0,0,0,0,0,0,0,0
12/22/2020,  14:31:25,21,7,0,0,0,0,0,0,0,0,0,0
12/22/2020,  14:31:35,18,0,0,0,0,0,0,0,0,0,0,0
12/22/2020,  14:31:45,9,0,0,0,0,0,0,0,0,0,0,0
12/22/2020,  14:31:55,0,0,0,0,0,0,0,0,0,0,0,0
12/22/2020,   14:32:05,0,0,0,0,0,0,0,0,0,0,0,0
12/22/2020,  14:32:15,0,0,0,0,0,0,0,0,0,0,0,0
12/22/2020,  14:32:25,0,0,0,0,0,0,0,0,0,0,0,0
12/22/2020,  14:32:35,0,0,0,0,0,0,0,0,0,0,0,0
12/22/2020,  14:32:45,0,0,0,0,0,0,0,0,0,0,0,0
12/22/2020,  14:32:55,9,3,0,0,0,0,0,0,0,0,0,0
12/22/2020,   14:33:05,9,3,0,0,0,0,0,0,0,0,0,0
12/22/2020,  14:33:15,0,0,0,0,0,0,0,0,0,0,0,0
12/22/2020,  14:33:25,9,3,0,0,0,0,0,0,0,0,0,0
12/22/2020,  14:33:35,18,6,0,0,0,0,0,0,0,0,0,0
12/22/2020,  14:33:45,0,0,0,0,0,0,0,0,0,0,0,0
12/22/2020,  14:33:55,51,17,3,3,3,0,0,0,0,0,0,0
12/22/2020,   14:34:05,42,14,0,0,0,0,0,0,0,0,0,0
12/22/2020,  14:34:15,0,0,0,0,0,0,0,0,0,0,0,0
12/22/2020,  14:34:25,0,0,0,0,0,0,0,0,0,0,0,0
12/22/2020,  14:34:35,9,3,0,0,0,0,0,0,0,0,0,0
12/22/2020,  14:34:45,18,6,0,0,0,0,0,0,0,0,0,0
12/22/2020,  14:34:55,0,0,0,0,0,0,0,0,0,0,0,0
12/22/2020,   14:35:05,0,0,0,0,0,0,0,0,0,0,0,0
12/22/2020,  14:35:15,0,0,0,0,0,0,0,0,0,0,0,0
12/22/2020,  14:35:25,0,0,0,0,0,0,0,0,0,0,0,0
12/22/2020,  14:35:35,0,0,0,0,0,0,0,0,0,0,0,0
12/22/2020,  14:35:45,45,15,0,0,0,0,0,0,0,0,0,0
12/22/2020,  14:35:55,21,7,0,0,0,0,0,0,0,0,0,0
12/22/2020,   14:36:05,0,0,0,0,0,0,0,0,0,0,0,0
12/22/2020,  14:36:15,0,0,0,0,0,0,0,0,0,0,0,0
12/22/2020,  14:36:25,21,3,0,0,0,0,0,0,0,0,0,0
12/22/2020,  14:36:35,30,6,0,0,0,0,0,0,0,0,0,0
12/22/2020,  14:36:45,18,6,3,0,0,0,0,0,0,0,0,0
12/22/2020,  14:36:55,9,3,3,0,0,0,0,0,0,0,0,0
12/22/2020,   14:37:05,0,0,0,0,0,0,0,0,0,0,0,0
12/22/2020,  14:37:15,21,7,0,0,0,0,0,0,0,0,0,0
12/22/2020,  14:37:25,39,10,0,0,0,0,0,0,0,0,0,0
12/22/2020,  14:37:35,9,0,0,0,0,0,0,0,0,0,0,0
12/22/2020,  14:37:45,57,19,0,0,0,0,0,0,0,0,0,0
12/22/2020,  14:37:55,75,25,0,0,0,0,0,0,0,0,0,0
12/22/2020,   14:38:05,9,3,0,0,0,0,0,0,0,0,0,0
12/22/2020,  14:38:15,9,3,3,3,3,3,0,0,1,0,0,1
12/22/2020,  14:38:25,9,3,3,3,3,3,0,0,1,0,0,1
12/22/2020,  14:38:35,0,0,0,0,0,0,0,0,0,0,0,0
12/22/2020,  14:38:45,0,0,0,0,0,0,0,0,0,0,0,0
12/22/2020,  14:38:55,18,3,0,0,0,0,0,0,0,0,0,0
12/22/2020,   14:39:05,9,3,0,0,0,0,0,0,0,0,0,0
12/22/2020,  14:39:15,0,0,0,0,0,0,0,0,0,0,0,0
12/22/2020,  14:39:25,0,0,0,0,0,0,0,0,0,0,0,0
12/22/2020,  14:39:35,9,3,0,0,0,0,0,0,0,0,0,0
12/22/2020,  14:39:45,21,7,0,0,0,0,0,0,0,0,0,0
12/22/2020,  14:39:55,0,0,0,0,0,0,0,0,0,0,0,0
12/22/2020,   14:40:05,9,3,0,0,0,0,0,0,0,0,0,0
12/22/2020,  14:40:15,9,3,0,0,0,0,0,0,0,0,0,0
12/22/2020,  14:40:25,0,0,0,0,0,0,0,0,0,0,0,0
12/22/2020,  14:40:35,9,3,0,0,0,0,0,0,0,0,0,0
12/22/2020,  14:40:45,0,0,0,0,0,0,0,0,0,0,0,0
12/22/2020,  14:40:55,9,3,0,0,0,0,0,0,0,0,0,0
12/22/2020,   14:41:05,51,13,0,0,0,0,0,0,0,0,0,0
12/22/2020,  14:41:15,33,7,0,0,0,0,0,0,0,0,0,0
12/22/2020,  14:41:25,9,3,0,0,0,0,0,0,0,0,0,0
12/22/2020,  14:41:35,18,6,0,0,0,0,0,0,0,0,0,0
12/22/2020,  14:41:45,0,0,0,0,0,0,0,0,0,0,0,0
12/22/2020,  14:41:55,0,0,0,0,0,0,0,0,0,0,0,0
12/22/2020,   14:42:05,0,0,0,0,0,0,0,0,0,0,0,0
12/22/2020,  14:42:15,9,3,0,0,0,0,0,0,0,0,0,0
12/22/2020,  14:42:25,9,3,0,0,0,0,0,0,0,0,0,0
12/22/2020,  14:42:35,0,0,0,0,0,0,0,0,0,0,0,0
12/22/2020,  14:42:45,0,0,0,0,0,0,0,0,0,0,0,0
12/22/2020,  14:42:55,0,0,0,0,0,0,0,0,0,0,0,0
12/22/2020,   14:43:05,0,0,0,0,0,0,0,0,0,0,0,0
12/22/2020,  14:43:15,0,0,0,0,0,0,0,0,0,0,0,0
12/22/2020,  14:43:25,0,0,0,0,0,0,0,0,0,0,0,0
12/22/2020,  14:43:35,0,0,0,0,0,0,0,0,0,0,0,0
12/22/2020,  14:43:45,0,0,0,0,0,0,0,0,0,0,0,0
12/22/2020,  14:43:55,21,7,0,0,0,0,0,0,0,0,0,0
12/22/2020,   14:44:05,21,7,0,0,0,0,0,0,0,0,0,0
12/22/2020,  14:44:15,21,7,0,0,0,0,0,0,0,0,0,0
12/22/2020,  14:44:25,9,3,0,0,0,0,0,0,0,0,0,0
12/22/2020,  14:44:35,9,3,0,0,0,0,0,0,0,0,0,0
12/22/2020,  14:44:45,0,0,0,0,0,0,0,0,0,0,0,0
12/22/2020,  14:44:55,0,0,0,0,0,0,0,0,0,0,0,0
12/22/2020,   14:45:05,0,0,0,0,0,0,0,0,0,0,0,0
12/22/2020,  14:45:15,0,0,0,0,0,0,0,0,0,0,0,0
12/22/2020,  14:45:25,9,3,0,0,0,0,0,0,0,0,0,0
12/22/2020,  14:45:35,9,3,0,0,0,0,0,0,0,0,0,0
12/22/2020,  14:45:45,0,0,0,0,0,0,0,0,0,0,0,0
12/22/2020,  14:45:55,0,0,0,0,0,0,0,0,0,0,0,0
12/22/2020,   14:46:05,0,0,0,0,0,0,0,0,0,0,0,0
12/22/2020,  14:46:15,0,0,0,0,0,0,0,0,0,0,0,0
12/22/2020,  14:46:25,0,0,0,0,0,0,0,0,0,0,0,0
12/22/2020,  14:46:35,9,3,0,0,0,0,0,0,0,0,0,0
12/22/2020,  14:46:45,9,3,0,0,0,0,0,0,0,0,0,0
12/22/2020,  14:46:55,0,0,0,0,0,0,0,0,0,0,0,0
12/22/2020,   14:47:05,21,7,0,0,0,0,0,0,0,0,0,0
12/22/2020,  14:47:15,30,10,0,0,0,0,0,0,0,0,0,0
12/22/2020,  14:47:25,9,3,0,0,0,0,0,0,0,0,0,0
12/22/2020,  14:47:35,9,3,0,0,0,0,0,0,0,0,0,0
12/22/2020,  14:47:45,0,0,0,0,0,0,0,0,0,0,0,0
12/22/2020,  14:47:55,21,7,0,0,0,0,0,0,0,0,0,0
12/22/2020,   14:48:05,21,7,0,0,0,0,0,0,0,0,0,0
12/22/2020,  14:48:15,9,3,0,0,0,0,0,0,0,0,0,0
12/22/2020,  14:48:25,27,9,0,0,0,0,0,0,0,0,0,0
12/22/2020,  14:48:35,18,6,0,0,0,0,0,0,0,0,0,0
12/22/2020,  14:48:45,9,3,0,0,0,0,0,0,0,0,0,0
12/22/2020,  14:48:55,18,6,0,0,0,0,0,0,0,0,0,0
12/22/2020,   14:49:05,18,3,0,0,0,0,0,0,0,0,0,0
12/22/2020,  14:49:15,9,0,0,0,0,0,0,0,0,0,0,0
12/22/2020,  14:49:25,0,0,0,0,0,0,0,0,0,0,0,0
12/22/2020,  14:49:35,21,7,0,0,0,0,0,0,0,0,0,0
12/22/2020,  14:49:45,0,0,0,0,0,0,0,0,0,0,0,0
12/22/2020,  14:49:55,0,0,0,0,0,0,0,0,0,0,0,0
12/22/2020,   14:50:05,18,6,0,0,0,0,0,0,0,0,0,0
12/22/2020,  14:50:15,9,3,0,0,0,0,0,0,0,0,0,0
12/22/2020,  14:50:25,18,6,0,0,0,0,0,0,0,0,0,0
12/22/2020,  14:50:35,9,3,0,0,0,0,0,0,0,0,0,0
12/22/2020,  14:50:45,0,0,0,0,0,0,0,0,0,0,0,0
12/22/2020,  14:50:55,0,0,0,0,0,0,0,0,0,0,0,0
12/22/2020,   14:51:05,9,0,0,0,0,0,0,0,0,0,0,0
12/22/2020,  14:51:15,0,0,0,0,0,0,0,0,0,0,0,0
12/22/2020,  14:51:25,9,0,0,0,0,0,0,0,0,0,0,0
12/22/2020,  14:51:35,9,0,0,0,0,0,0,0,0,0,0,0
12/22/2020,  14:51:45,0,0,0,0,0,0,0,0,0,0,0,0
12/22/2020,  14:51:55,9,3,0,0,0,0,0,0,0,0,0,0
12/22/2020,   14:52:05,0,0,0,0,0,0,0,0,0,0,0,0
12/22/2020,  14:52:15,0,0,0,0,0,0,0,0,0,0,0,0
12/22/2020,  14:52:25,0,0,0,0,0,0,0,0,0,0,0,0
12/22/2020,  14:52:35,9,0,0,0,0,0,0,0,0,0,0,0
12/22/2020,  14:52:45,9,0,0,0,0,0,0,0,0,0,0,0
12/22/2020,  14:52:55,9,0,0,0,0,0,0,0,0,0,0,0
12/22/2020,   14:53:05,9,0,0,0,0,0,0,0,0,0,0,0
12/22/2020,  14:53:15,0,0,0,0,0,0,0,0,0,0,0,0
12/22/2020,  14:53:25,0,0,0,0,0,0,0,0,0,0,0,0
12/22/2020,  14:53:35,0,0,0,0,0,0,0,0,0,0,0,0
12/22/2020,  14:53:45,0,0,0,0,0,0,0,0,0,0,0,0
12/22/2020,  14:53:55,9,3,0,0,0,0,0,0,0,0,0,0
12/22/2020,   14:54:05,9,3,0,0,0,0,0,0,0,0,0,0
12/22/2020,  14:54:15,0,0,0,0,0,0,0,0,0,0,0,0
12/22/2020,  14:54:25,0,0,0,0,0,0,0,0,0,0,0,0
12/22/2020,  14:54:35,9,3,0,0,0,0,0,0,0,0,0,0
12/22/2020,  14:54:45,9,3,0,0,0,0,0,0,0,0,0,0
12/22/2020,  14:54:55,0,0,0,0,0,0,0,0,0,0,0,0
12/22/2020,   14:55:05,0,0,0,0,0,0,0,0,0,0,0,0
12/22/2020,  14:55:15,0,0,0,0,0,0,0,0,0,0,0,0
12/22/2020,  14:55:25,9,3,0,0,0,0,0,0,0,0,0,0
12/22/2020,  14:55:35,9,3,0,0,0,0,0,0,0,0,0,0
12/22/2020,  14:55:45,9,0,0,0,0,0,0,0,0,0,0,0
12/22/2020,  14:55:55,18,3,0,0,0,0,0,0,0,0,0,0
12/22/2020,   14:56:05,9,3,0,0,0,0,0,0,0,0,0,0
12/22/2020,  14:56:15,18,6,0,0,0,0,0,0,0,0,0,0
12/22/2020,  14:56:25,9,3,0,0,0,0,0,0,0,0,0,0
12/22/2020,  14:56:35,0,0,0,0,0,0,0,0,0,0,0,0
12/22/2020,  14:56:45,0,0,0,0,0,0,0,0,0,0,0,0
12/22/2020,  14:56:55,0,0,0,0,0,0,0,0,0,0,0,0
12/22/2020,   14:57:05,0,0,0,0,0,0,0,0,0,0,0,0
12/22/2020,  14:57:15,0,0,0,0,0,0,0,0,0,0,0,0
12/22/2020,  14:57:25,0,0,0,0,0,0,0,0,0,0,0,0
12/22/2020,  14:57:35,0,0,0,0,0,0,0,0,0,0,0,0
12/22/2020,  14:57:45,0,0,0,0,0,0,0,0,0,0,0,0
12/22/2020,  14:57:55,0,0,0,0,0,0,0,0,0,0,0,0
12/22/2020,   14:58:05,0,0,0,0,0,0,0,0,0,0,0,0
12/22/2020,  14:58:15,18,6,3,0,0,0,0,0,0,0,0,0
12/22/2020,  14:58:25,18,6,3,0,0,0,0,0,0,0,0,0
12/22/2020,  14:58:35,0,0,0,0,0,0,0,0,0,0,0,0
12/22/2020,  14:58:45,9,3,0,0,0,0,0,0,0,0,0,0
12/22/2020,  14:58:55,9,3,0,0,0,0,0,0,0,0,0,0
12/22/2020,   14:59:05,0,0,0,0,0,0,0,0,0,0,0,0
12/22/2020,  14:59:15,9,3,0,0,0,0,0,0,0,0,0,0
12/22/2020,  14:59:25,9,3,0,0,0,0,0,0,0,0,0,0
12/22/2020,  14:59:35,0,0,0,0,0,0,0,0,0,0,0,0
12/22/2020,  14:59:45,0,0,0,0,0,0,0,0,0,0,0,0
12/22/2020,  14:59:55,9,3,0,0,0,0,0,0,0,0,0,0
12/22/2020,    15:00:05,18,6,0,0,0,0,0,0,0,0,0,0
12/22/2020,   15:00:15,39,13,0,0,0,0,0,0,0,0,0,0
12/22/2020,   15:00:25,21,7,0,0,0,0,0,0,0,0,0,0
12/22/2020,   15:00:35,54,15,0,0,0,0,0,0,0,0,0,0
12/22/2020,   15:00:45,63,18,0,0,0,0,0,0,0,0,0,0
12/22/2020,   15:00:55,0,0,0,0,0,0,0,0,0,0,0,0
12/22/2020,    15:01:05,0,0,0,0,0,0,0,0,0,0,0,0
12/22/2020,   15:01:15,0,0,0,0,0,0,0,0,0,0,0,0
12/22/2020,   15:01:25,9,3,0,0,0,0,0,0,0,0,0,0
12/22/2020,   15:01:35,18,6,0,0,0,0,0,0,0,0,0,0
12/22/2020,   15:01:45,18,6,0,0,0,0,0,0,0,0,0,0
12/22/2020,   15:01:55,30,6,3,3,3,3,0,0,2,0,0,2
12/22/2020,    15:02:05,27,9,6,3,3,3,0,0,2,0,0,2
12/22/2020,   15:02:15,9,3,0,0,0,0,0,0,0,0,0,0
12/22/2020,   15:02:25,18,6,3,0,0,0,0,0,0,0,0,0
12/22/2020,   15:02:35,27,9,3,0,0,0,0,0,0,0,0,0
12/22/2020,   15:02:45,9,3,0,0,0,0,0,0,0,0,0,0
12/22/2020,   15:02:55,0,0,0,0,0,0,0,0,0,0,0,0
12/22/2020,    15:03:05,0,0,0,0,0,0,0,0,0,0,0,0
12/22/2020,   15:03:15,27,9,0,0,0,0,0,0,0,0,0,0
12/22/2020,   15:03:25,27,9,0,0,0,0,0,0,0,0,0,0
12/22/2020,   15:03:35,0,0,0,0,0,0,0,0,0,0,0,0
12/22/2020,   15:03:45,0,0,0,0,0,0,0,0,0,0,0,0
12/22/2020,   15:03:55,21,7,0,0,0,0,0,0,0,0,0,0
12/22/2020,    15:04:05,33,11,0,0,0,0,0,0,0,0,0,0
12/22/2020,   15:04:15,18,6,0,0,0,0,0,0,0,0,0,0
12/22/2020,   15:04:25,18,6,0,0,0,0,0,0,0,0,0,0
12/22/2020,   15:04:35,9,3,0,0,0,0,0,0,0,0,0,0
12/22/2020,   15:04:45,9,3,0,0,0,0,0,0,0,0,0,0
12/22/2020,   15:04:55,45,15,0,0,0,0,0,0,0,0,0,0
12/22/2020,    15:05:05,66,22,0,0,0,0,0,0,0,0,0,0
12/22/2020,   15:05:15,54,14,3,0,0,0,0,0,0,0,0,0
12/22/2020,   15:05:25,0,0,0,0,0,0,0,0,0,0,0,0
12/22/2020,   15:05:35,21,7,0,0,0,0,0,0,0,0,0,0
12/22/2020,   15:05:45,21,7,0,0,0,0,0,0,0,0,0,0
12/22/2020,   15:05:55,0,0,0,0,0,0,0,0,0,0,0,0
12/22/2020,    15:06:05,9,0,0,0,0,0,0,0,0,0,0,0
12/22/2020,   15:06:15,9,3,0,0,0,0,0,0,0,0,0,0
12/22/2020,   15:06:25,9,3,0,0,0,0,0,0,0,0,0,0
12/22/2020,   15:06:35,9,3,0,0,0,0,0,0,0,0,0,0
12/22/2020,   15:06:45,0,0,0,0,0,0,0,0,0,0,0,0
12/22/2020,   15:06:55,0,0,0,0,0,0,0,0,0,0,0,0
12/22/2020,    15:07:05,0,0,0,0,0,0,0,0,0,0,0,0
12/22/2020,   15:07:15,0,0,0,0,0,0,0,0,0,0,0,0
12/22/2020,   15:07:25,126,39,3,3,3,0,0,0,2,0,0,2
12/22/2020,   15:07:35,126,39,3,3,3,0,0,0,2,0,0,2
12/22/2020,   15:07:45,0,0,0,0,0,0,0,0,0,0,0,0
12/22/2020,   15:07:55,0,0,0,0,0,0,0,0,0,0,0,0
12/22/2020,    15:08:05,0,0,0,0,0,0,0,0,0,0,0,0
12/22/2020,   15:08:15,0,0,0,0,0,0,0,0,0,0,0,0
12/22/2020,   15:08:25,0,0,0,0,0,0,0,0,0,0,0,0
12/22/2020,   15:08:35,0,0,0,0,0,0,0,0,0,0,0,0
12/22/2020,   15:08:45,0,0,0,0,0,0,0,0,0,0,0,0
12/22/2020,   15:08:55,0,0,0,0,0,0,0,0,0,0,0,0
12/22/2020,    15:09:05,0,0,0,0,0,0,0,0,0,0,0,0
12/22/2020,   15:09:15,21,7,0,0,0,0,0,0,0,0,0,0
12/22/2020,   15:09:25,21,7,0,0,0,0,0,0,0,0,0,0
12/22/2020,   15:09:35,0,0,0,0,0,0,0,0,0,0,0,0
12/22/2020,   15:09:45,9,3,0,0,0,0,0,0,0,0,0,0
12/22/2020,   15:09:55,0,0,0,0,0,0,0,0,0,0,0,0
12/22/2020,   15:10:05,0,0,0,0,0,0,0,0,0,0,0,0
12/22/2020,  15:10:15,0,0,0,0,0,0,0,0,0,0,0,0
12/22/2020,  15:10:25,0,0,0,0,0,0,0,0,0,0,0,0
12/22/2020,  15:10:35,0,0,0,0,0,0,0,0,0,0,0,0
12/22/2020,  15:10:45,0,0,0,0,0,0,0,0,0,0,0,0
12/22/2020,  15:10:55,0,0,0,0,0,0,0,0,0,0,0,0
12/22/2020,   15:11:05,9,3,0,0,0,0,0,0,0,0,0,0
12/22/2020,  15:11:15,0,0,0,0,0,0,0,0,0,0,0,0
12/22/2020,  15:11:25,9,3,0,0,0,0,0,0,0,0,0,0
12/22/2020,  15:11:35,9,3,0,0,0,0,0,0,0,0,0,0
12/22/2020,  15:11:45,9,3,0,0,0,0,0,0,0,0,0,0
12/22/2020,  15:11:55,18,6,0,0,0,0,0,0,0,0,0,0
12/22/2020,   15:12:05,9,3,0,0,0,0,0,0,0,0,0,0
12/22/2020,  15:12:15,0,0,0,0,0,0,0,0,0,0,0,0
12/22/2020,  15:12:25,21,7,0,0,0,0,0,0,0,0,0,0
12/22/2020,  15:12:35,21,7,0,0,0,0,0,0,0,0,0,0
12/22/2020,  15:12:45,0,0,0,0,0,0,0,0,0,0,0,0
12/22/2020,  15:12:55,9,3,0,0,0,0,0,0,0,0,0,0
12/22/2020,   15:13:05,0,0,0,0,0,0,0,0,0,0,0,0
12/22/2020,  15:13:15,0,0,0,0,0,0,0,0,0,0,0,0
12/22/2020,  15:13:25,0,0,0,0,0,0,0,0,0,0,0,0
12/22/2020,  15:13:35,9,0,0,0,0,0,0,0,0,0,0,0
12/22/2020,  15:13:45,9,0,0,0,0,0,0,0,0,0,0,0
12/22/2020,  15:13:55,9,3,0,0,0,0,0,0,0,0,0,0
12/22/2020,   15:14:05,9,3,0,0,0,0,0,0,0,0,0,0
12/22/2020,  15:14:15,0,0,0,0,0,0,0,0,0,0,0,0
12/22/2020,  15:14:25,9,3,0,0,0,0,0,0,0,0,0,0
12/22/2020,  15:14:35,9,3,0,0,0,0,0,0,0,0,0,0
12/22/2020,  15:14:45,0,0,0,0,0,0,0,0,0,0,0,0
12/22/2020,  15:14:55,0,0,0,0,0,0,0,0,0,0,0,0
12/22/2020,   15:15:05,0,0,0,0,0,0,0,0,0,0,0,0
12/22/2020,  15:15:15,18,3,0,0,0,0,0,0,0,0,0,0
12/22/2020,  15:15:25,9,3,0,0,0,0,0,0,0,0,0,0
12/22/2020,  15:15:35,0,0,0,0,0,0,0,0,0,0,0,0
12/22/2020,  15:15:45,0,0,0,0,0,0,0,0,0,0,0,0
12/22/2020,  15:15:55,0,0,0,0,0,0,0,0,0,0,0,0
12/22/2020,   15:16:05,0,0,0,0,0,0,0,0,0,0,0,0
12/22/2020,  15:16:15,9,3,0,0,0,0,0,0,0,0,0,0
12/22/2020,  15:16:25,9,3,0,0,0,0,0,0,0,0,0,0
12/22/2020,  15:16:35,18,3,0,0,0,0,0,0,0,0,0,0
12/22/2020,  15:16:45,18,6,0,0,0,0,0,0,0,0,0,0
12/22/2020,  15:16:55,9,3,0,0,0,0,0,0,0,0,0,0
12/22/2020,   15:17:05,0,0,0,0,0,0,0,0,0,0,0,0
12/22/2020,  15:17:15,0,0,0,0,0,0,0,0,0,0,0,0
12/22/2020,  15:17:25,0,0,0,0,0,0,0,0,0,0,0,0
12/22/2020,  15:17:35,0,0,0,0,0,0,0,0,0,0,0,0
12/22/2020,  15:17:45,0,0,0,0,0,0,0,0,0,0,0,0
12/22/2020,  15:17:55,21,3,0,0,0,0,0,0,0,0,0,0
12/22/2020,   15:18:05,21,3,0,0,0,0,0,0,0,0,0,0
12/22/2020,  15:18:15,0,0,0,0,0,0,0,0,0,0,0,0
12/22/2020,  15:18:25,9,3,0,0,0,0,0,0,0,0,0,0
12/22/2020,  15:18:35,18,3,0,0,0,0,0,0,0,0,0,0
12/22/2020,  15:18:45,18,3,0,0,0,0,0,0,0,0,0,0
12/22/2020,  15:18:55,9,3,0,0,0,0,0,0,0,0,0,0
12/22/2020,   15:19:05,0,0,0,0,0,0,0,0,0,0,0,0
12/22/2020,  15:19:15,18,6,0,0,0,0,0,0,0,0,0,0
12/22/2020,  15:19:25,18,6,0,0,0,0,0,0,0,0,0,0
12/22/2020,  15:19:35,0,0,0,0,0,0,0,0,0,0,0,0
12/22/2020,  15:19:45,0,0,0,0,0,0,0,0,0,0,0,0
12/22/2020,  15:19:55,0,0,0,0,0,0,0,0,0,0,0,0
12/22/2020,   15:20:05,0,0,0,0,0,0,0,0,0,0,0,0
12/22/2020,  15:20:15,0,0,0,0,0,0,0,0,0,0,0,0
12/22/2020,  15:20:25,0,0,0,0,0,0,0,0,0,0,0,0
12/22/2020,  15:20:35,0,0,0,0,0,0,0,0,0,0,0,0
12/22/2020,  15:20:45,0,0,0,0,0,0,0,0,0,0,0,0
12/22/2020,  15:20:55,0,0,0,0,0,0,0,0,0,0,0,0
12/22/2020,   15:21:05,21,0,0,0,0,0,0,0,0,0,0,0
12/22/2020,  15:21:15,0,0,0,0,0,0,0,0,0,0,0,0
12/22/2020,  15:21:25,9,3,3,3,3,3,0,0,2,0,0,2
12/22/2020,  15:21:35,9,3,3,3,3,3,0,0,2,0,0,2
12/22/2020,  15:21:45,0,0,0,0,0,0,0,0,0,0,0,0
12/22/2020,  15:21:55,0,0,0,0,0,0,0,0,0,0,0,0
12/22/2020,   15:22:05,0,0,0,0,0,0,0,0,0,0,0,0
12/22/2020,  15:22:15,0,0,0,0,0,0,0,0,0,0,0,0
12/22/2020,  15:22:25,0,0,0,0,0,0,0,0,0,0,0,0
12/22/2020,  15:22:35,0,0,0,0,0,0,0,0,0,0,0,0
12/22/2020,  15:22:45,0,0,0,0,0,0,0,0,0,0,0,0
12/22/2020,  15:22:55,0,0,0,0,0,0,0,0,0,0,0,0
12/22/2020,   15:23:05,0,0,0,0,0,0,0,0,0,0,0,0
12/22/2020,  15:23:15,0,0,0,0,0,0,0,0,0,0,0,0
12/22/2020,  15:23:25,0,0,0,0,0,0,0,0,0,0,0,0
12/22/2020,  15:23:35,0,0,0,0,0,0,0,0,0,0,0,0
12/22/2020,  15:23:45,0,0,0,0,0,0,0,0,0,0,0,0
12/22/2020,  15:23:55,0,0,0,0,0,0,0,0,0,0,0,0
12/22/2020,   15:24:05,0,0,0,0,0,0,0,0,0,0,0,0
12/22/2020,  15:24:15,0,0,0,0,0,0,0,0,0,0,0,0
12/22/2020,  15:24:25,0,0,0,0,0,0,0,0,0,0,0,0
12/22/2020,  15:24:35,0,0,0,0,0,0,0,0,0,0,0,0
12/22/2020,  15:24:45,0,0,0,0,0,0,0,0,0,0,0,0
12/22/2020,  15:24:55,0,0,0,0,0,0,0,0,0,0,0,0
12/22/2020,   15:25:05,0,0,0,0,0,0,0,0,0,0,0,0
12/22/2020,  15:25:15,0,0,0,0,0,0,0,0,0,0,0,0
12/22/2020,  15:25:25,0,0,0,0,0,0,0,0,0,0,0,0
12/22/2020,  15:25:35,0,0,0,0,0,0,0,0,0,0,0,0
12/22/2020,  15:25:45,0,0,0,0,0,0,0,0,0,0,0,0
12/22/2020,  15:25:55,0,0,0,0,0,0,0,0,0,0,0,0
12/22/2020,   15:26:05,0,0,0,0,0,0,0,0,0,0,0,0
12/22/2020,  15:26:15,0,0,0,0,0,0,0,0,0,0,0,0
12/22/2020,  15:26:25,0,0,0,0,0,0,0,0,0,0,0,0
12/22/2020,  15:26:35,21,3,0,0,0,0,0,0,0,0,0,0
12/22/2020,  15:26:45,21,3,0,0,0,0,0,0,0,0,0,0
12/22/2020,  15:26:55,0,0,0,0,0,0,0,0,0,0,0,0
12/22/2020,   15:27:05,0,0,0,0,0,0,0,0,0,0,0,0
12/22/2020,  15:27:15,0,0,0,0,0,0,0,0,0,0,0,0
12/22/2020,  15:27:25,0,0,0,0,0,0,0,0,0,0,0,0
12/22/2020,  15:27:35,0,0,0,0,0,0,0,0,0,0,0,0
12/22/2020,  15:27:45,0,0,0,0,0,0,0,0,0,0,0,0
12/22/2020,  15:27:55,0,0,0,0,0,0,0,0,0,0,0,0
12/22/2020,   15:28:05,0,0,0,0,0,0,0,0,0,0,0,0
12/22/2020,  15:28:15,0,0,0,0,0,0,0,0,0,0,0,0
12/22/2020,  15:28:25,0,0,0,0,0,0,0,0,0,0,0,0
12/22/2020,  15:28:35,0,0,0,0,0,0,0,0,0,0,0,0
12/22/2020,  15:28:45,0,0,0,0,0,0,0,0,0,0,0,0
12/22/2020,  15:28:55,0,0,0,0,0,0,0,0,0,0,0,0
12/22/2020,   15:29:05,0,0,0,0,0,0,0,0,0,0,0,0
12/22/2020,  15:29:15,0,0,0,0,0,0,0,0,0,0,0,0
12/22/2020,  15:29:25,0,0,0,0,0,0,0,0,0,0,0,0
12/22/2020,  15:29:35,0,0,0,0,0,0,0,0,0,0,0,0
12/22/2020,  15:29:45,0,0,0,0,0,0,0,0,0,0,0,0
12/22/2020,  15:29:55,18,3,0,0,0,0,0,0,0,0,0,0
12/22/2020,   15:30:05,18,3,0,0,0,0,0,0,0,0,0,0
12/22/2020,  15:30:15,18,6,0,0,0,0,0,0,0,0,0,0
12/22/2020,  15:30:25,9,3,0,0,0,0,0,0,0,0,0,0
12/22/2020,  15:30:35,0,0,0,0,0,0,0,0,0,0,0,0
12/22/2020,  15:30:45,0,0,0,0,0,0,0,0,0,0,0,0
12/22/2020,  15:30:55,0,0,0,0,0,0,0,0,0,0,0,0
12/22/2020,   15:31:05,0,0,0,0,0,0,0,0,0,0,0,0
12/22/2020,  15:31:15,0,0,0,0,0,0,0,0,0,0,0,0
12/22/2020,  15:31:25,0,0,0,0,0,0,0,0,0,0,0,0
12/22/2020,  15:31:35,0,0,0,0,0,0,0,0,0,0,0,0
12/22/2020,  15:31:45,0,0,0,0,0,0,0,0,0,0,0,0
12/22/2020,  15:31:55,0,0,0,0,0,0,0,0,0,0,0,0
12/22/2020,   15:32:05,0,0,0,0,0,0,0,0,0,0,0,0
12/22/2020,  15:32:15,0,0,0,0,0,0,0,0,0,0,0,0
12/22/2020,  15:32:30,9,3,3,3,3,3,0,0,2,0,0,2
12/22/2020,  15:32:40,9,3,3,3,3,3,0,0,2,0,0,2
12/22/2020,  15:32:50,0,0,0,0,0,0,0,0,0,0,0,0
12/22/2020,   15:33:00,0,0,0,0,0,0,0,0,0,0,0,0
12/22/2020,  15:33:10,0,0,0,0,0,0,0,0,0,0,0,0
12/22/2020,  15:33:20,0,0,0,0,0,0,0,0,0,0,0,0
12/22/2020,  15:33:30,0,0,0,0,0,0,0,0,0,0,0,0
12/22/2020,  15:33:40,0,0,0,0,0,0,0,0,0,0,0,0
12/22/2020,  15:33:50,0,0,0,0,0,0,0,0,0,0,0,0
12/22/2020,   15:34:00,0,0,0,0,0,0,0,0,0,0,0,0
12/22/2020,  15:34:10,0,0,0,0,0,0,0,0,0,0,0,0
12/22/2020,  15:34:20,0,0,0,0,0,0,0,0,0,0,0,0
12/22/2020,  15:34:30,0,0,0,0,0,0,0,0,0,0,0,0
12/22/2020,  15:34:40,0,0,0,0,0,0,0,0,0,0,0,0
12/22/2020,  15:34:50,0,0,0,0,0,0,0,0,0,0,0,0
12/22/2020,   15:35:00,0,0,0,0,0,0,0,0,0,0,0,0
12/22/2020,  15:35:10,0,0,0,0,0,0,0,0,0,0,0,0
12/22/2020,  15:35:20,0,0,0,0,0,0,0,0,0,0,0,0
12/22/2020,  15:35:30,0,0,0,0,0,0,0,0,0,0,0,0
12/22/2020,  15:35:40,0,0,0,0,0,0,0,0,0,0,0,0
12/22/2020,  15:35:50,0,0,0,0,0,0,0,0,0,0,0,0
12/22/2020,   15:36:00,0,0,0,0,0,0,0,0,0,0,0,0
12/22/2020,  15:36:10,0,0,0,0,0,0,0,0,0,0,0,0
12/22/2020,  15:36:20,0,0,0,0,0,0,0,0,0,0,0,0
12/22/2020,  15:36:30,0,0,0,0,0,0,0,0,0,0,0,0
12/22/2020,  15:36:40,0,0,0,0,0,0,0,0,0,0,0,0
12/22/2020,  15:36:50,0,0,0,0,0,0,0,0,0,0,0,0
12/22/2020,   15:37:00,0,0,0,0,0,0,0,0,0,0,0,0
12/22/2020,  15:37:10,0,0,0,0,0,0,0,0,0,0,0,0
12/22/2020,  15:37:20,0,0,0,0,0,0,0,0,0,0,0,0
12/22/2020,  15:37:30,0,0,0,0,0,0,0,0,0,0,0,0
12/22/2020,  15:37:40,0,0,0,0,0,0,0,0,0,0,0,0
12/22/2020,  15:37:50,0,0,0,0,0,0,0,0,0,0,0,0
12/22/2020,   15:38:00,0,0,0,0,0,0,0,0,0,0,0,0
12/22/2020,  15:38:10,0,0,0,0,0,0,0,0,0,0,0,0
12/22/2020,  15:38:20,0,0,0,0,0,0,0,0,0,0,0,0
12/22/2020,  15:38:30,0,0,0,0,0,0,0,0,0,0,0,0
12/22/2020,  15:38:40,9,3,0,0,0,0,0,0,0,0,0,0
12/22/2020,  15:38:50,165,55,22,3,3,0,0,0,2,0,0,2
12/22/2020,   15:39:00,597,191,43,3,3,0,2,4,6,2,4,6
12/22/2020,  15:39:10,534,178,59,3,3,3,2,4,7,2,4,7
12/22/2020,  15:39:20,1494,466,147,23,3,3,8,20,26,8,20,26
12/22/2020,  15:39:30,1170,382,104,13,6,6,6,14,19,6,14,19
12/22/2020,  15:39:40,930,306,84,16,13,9,5,9,20,5,9,20
12/22/2020,  15:39:50,642,202,63,9,6,6,2,6,12,2,6,12
12/22/2020,   15:40:00,594,182,46,3,3,0,2,4,6,2,4,6
12/22/2020,  15:40:10,255,77,7,0,0,0,0,0,0,0,0,0
12/22/2020,  15:40:20,279,93,6,6,0,0,0,0,2,0,0,2
12/22/2020,  15:40:30,282,94,6,6,0,0,0,0,3,0,0,3
12/22/2020,  15:40:40,42,14,0,0,0,0,0,0,0,0,0,0
12/22/2020,  15:40:50,18,6,6,6,6,6,0,0,4,0,0,4
12/22/2020,   15:41:00,9,3,0,0,0,0,0,0,0,0,0,0
12/22/2020,  15:41:10,18,6,0,0,0,0,0,0,0,0,0,0
12/22/2020,  15:41:20,18,6,0,0,0,0,0,0,0,0,0,0
12/22/2020,  15:41:30,0,0,0,0,0,0,0,0,0,0,0,0
12/22/2020,  15:41:40,0,0,0,0,0,0,0,0,0,0,0,0
12/22/2020,  15:41:50,0,0,0,0,0,0,0,0,0,0,0,0
12/22/2020,   15:42:00,0,0,0,0,0,0,0,0,0,0,0,0
12/22/2020,  15:42:10,9,3,0,0,0,0,0,0,0,0,0,0
12/22/2020,  15:42:20,9,3,0,0,0,0,0,0,0,0,0,0
12/22/2020,  15:42:30,0,0,0,0,0,0,0,0,0,0,0,0
12/22/2020,  15:42:46,21,7,0,0,0,0,0,0,0,0,0,0
12/22/2020,  15:42:56,0,0,0,0,0,0,0,0,0,0,0,0
12/22/2020,   15:43:06,9,3,0,0,0,0,0,0,0,0,0,0
12/22/2020,  15:43:16,21,7,0,0,0,0,0,0,0,0,0,0
12/22/2020,  15:43:26,0,0,0,0,0,0,0,0,0,0,0,0
12/22/2020,  15:43:36,0,0,0,0,0,0,0,0,0,0,0,0
12/22/2020,  15:43:46,0,0,0,0,0,0,0,0,0,0,0,0
12/22/2020,  15:43:56,0,0,0,0,0,0,0,0,0,0,0,0
12/22/2020,   15:44:06,9,3,0,0,0,0,0,0,0,0,0,0
12/22/2020,  15:44:16,0,0,0,0,0,0,0,0,0,0,0,0
12/22/2020,  15:44:26,0,0,0,0,0,0,0,0,0,0,0,0
12/22/2020,  15:44:36,0,0,0,0,0,0,0,0,0,0,0,0
12/22/2020,  15:44:46,0,0,0,0,0,0,0,0,0,0,0,0
12/22/2020,  15:44:56,9,3,3,3,3,3,0,0,1,0,0,1
12/22/2020,   15:45:06,189,59,9,3,3,3,0,0,2,0,0,2
12/22/2020,  15:45:16,1038,322,102,16,6,3,5,12,17,5,12,17
12/22/2020,  15:45:26,690,210,60,6,3,3,2,6,9,2,6,9
12/22/2020,  15:45:36,1026,330,126,13,6,3,4,14,18,4,14,18
12/22/2020,  15:45:46,1074,342,114,9,6,6,5,12,18,5,12,18
12/22/2020,  15:45:56,1434,462,143,24,9,9,8,18,27,8,18,27
12/22/2020,   15:46:06,870,266,73,20,3,3,4,10,14,4,10,14
12/22/2020,  15:46:16,606,190,12,6,3,3,2,3,6,2,3,6
12/22/2020,  15:46:26,135,45,3,3,3,3,0,0,2,0,0,2
12/22/2020,  15:46:36,36,12,6,3,3,3,0,0,1,0,0,1
12/22/2020,  15:46:46,63,21,0,0,0,0,0,0,0,0,0,0
12/22/2020,  15:46:56,39,13,0,0,0,0,0,0,0,0,0,0
12/22/2020,   15:47:06,30,10,0,0,0,0,0,0,0,0,0,0
12/22/2020,  15:47:16,21,7,3,0,0,0,0,0,0,0,0,0
12/22/2020,  15:47:26,21,7,3,0,0,0,0,0,0,0,0,0
12/22/2020,  15:47:36,0,0,0,0,0,0,0,0,0,0,0,0
12/22/2020,  15:47:46,9,3,0,0,0,0,0,0,0,0,0,0
12/22/2020,  15:47:56,18,6,3,3,3,3,0,0,2,0,0,2
12/22/2020,   15:48:06,9,3,0,0,0,0,0,0,0,0,0,0
12/22/2020,  15:48:16,39,10,0,0,0,0,0,0,0,0,0,0
12/22/2020,  15:48:26,30,7,0,0,0,0,0,0,0,0,0,0
12/22/2020,  15:48:36,0,0,0,0,0,0,0,0,0,0,0,0
12/22/2020,  15:48:46,0,0,0,0,0,0,0,0,0,0,0,0
12/22/2020,  15:48:56,0,0,0,0,0,0,0,0,0,0,0,0
12/22/2020,   15:49:06,21,7,0,0,0,0,0,0,0,0,0,0
12/22/2020,  15:49:16,21,7,0,0,0,0,0,0,0,0,0,0
12/22/2020,  15:49:26,0,0,0,0,0,0,0,0,0,0,0,0
12/22/2020,  15:49:36,0,0,0,0,0,0,0,0,0,0,0,0
12/22/2020,  15:49:46,102,30,3,0,0,0,0,0,0,0,0,0
12/22/2020,  15:49:56,111,33,3,0,0,0,0,0,0,0,0,0
12/22/2020,   15:50:06,0,0,0,0,0,0,0,0,0,0,0,0
12/22/2020,  15:50:16,0,0,0,0,0,0,0,0,0,0,0,0
12/22/2020,  15:50:26,0,0,0,0,0,0,0,0,0,0,0,0
12/22/2020,  15:50:36,0,0,0,0,0,0,0,0,0,0,0,0
12/22/2020,  15:50:46,39,10,3,0,0,0,0,0,0,0,0,0
12/22/2020,  15:50:56,138,38,6,3,3,3,0,0,2,0,0,2
12/22/2020,   15:51:06,129,39,6,3,3,3,0,0,3,0,0,3
12/22/2020,  15:51:16,288,96,9,0,0,0,0,0,0,0,0,0
12/22/2020,  15:51:26,255,85,6,0,0,0,1,1,1,1,1,1
12/22/2020,  15:51:36,198,62,6,0,0,0,0,0,0,0,0,0
12/22/2020,  15:51:46,540,164,42,3,3,3,2,5,7,2,5,7
12/22/2020,  15:51:56,570,166,23,3,0,0,2,4,4,2,4,4
12/22/2020,   15:52:06,147,45,0,0,0,0,0,0,0,0,0,0
12/22/2020,  15:52:16,300,85,6,3,3,0,0,0,2,0,0,2
12/22/2020,  15:52:26,246,71,3,0,0,0,0,0,0,0,0,0
12/22/2020,  15:52:36,69,16,0,0,0,0,0,0,0,0,0,0
12/22/2020,  15:52:46,30,6,0,0,0,0,0,0,0,0,0,0
12/22/2020,   15:53:00,27,9,0,0,0,0,0,0,0,0,0,0
12/22/2020,  15:53:10,18,6,0,0,0,0,0,0,0,0,0,0
12/22/2020,  15:53:20,9,3,0,0,0,0,0,0,0,0,0,0
12/22/2020,  15:53:35,39,13,0,0,0,0,0,0,0,0,0,0
12/22/2020,  15:53:45,39,13,0,0,0,0,0,0,0,0,0,0
12/22/2020,  15:53:55,18,6,3,0,0,0,0,0,0,0,0,0
12/22/2020,   15:54:05,18,6,3,0,0,0,0,0,0,0,0,0
12/22/2020,  15:54:15,102,34,0,0,0,0,0,0,0,0,0,0
12/22/2020,  15:54:25,123,41,3,3,3,3,0,0,2,0,0,2
12/22/2020,  15:54:35,30,10,3,3,3,3,0,0,1,0,0,1
12/22/2020,  15:54:45,0,0,0,0,0,0,0,0,0,0,0,0
12/22/2020,  15:54:55,0,0,0,0,0,0,0,0,0,0,0,0
12/22/2020,   15:55:05,0,0,0,0,0,0,0,0,0,0,0,0
12/22/2020,  15:55:15,0,0,0,0,0,0,0,0,0,0,0,0
12/22/2020,  15:55:25,0,0,0,0,0,0,0,0,0,0,0,0
12/22/2020,  15:55:35,0,0,0,0,0,0,0,0,0,0,0,0
12/22/2020,  15:55:45,0,0,0,0,0,0,0,0,0,0,0,0
12/22/2020,  15:55:55,0,0,0,0,0,0,0,0,0,0,0,0
12/22/2020,   15:56:05,0,0,0,0,0,0,0,0,0,0,0,0
12/22/2020,  15:56:15,0,0,0,0,0,0,0,0,0,0,0,0
12/22/2020,  15:56:25,0,0,0,0,0,0,0,0,0,0,0,0
12/22/2020,  15:56:35,0,0,0,0,0,0,0,0,0,0,0,0
12/22/2020,  15:56:45,0,0,0,0,0,0,0,0,0,0,0,0
12/22/2020,  15:56:55,0,0,0,0,0,0,0,0,0,0,0,0
12/22/2020,   15:57:05,0,0,0,0,0,0,0,0,0,0,0,0
12/22/2020,  15:57:15,0,0,0,0,0,0,0,0,0,0,0,0
12/22/2020,  15:57:25,0,0,0,0,0,0,0,0,0,0,0,0
12/22/2020,  15:57:35,0,0,0,0,0,0,0,0,0,0,0,0
12/22/2020,  15:57:45,0,0,0,0,0,0,0,0,0,0,0,0
12/22/2020,  15:57:55,0,0,0,0,0,0,0,0,0,0,0,0
12/22/2020,   15:58:05,0,0,0,0,0,0,0,0,0,0,0,0
12/22/2020,  15:58:15,0,0,0,0,0,0,0,0,0,0,0,0
12/22/2020,  15:58:25,0,0,0,0,0,0,0,0,0,0,0,0
12/22/2020,  15:58:35,0,0,0,0,0,0,0,0,0,0,0,0
12/22/2020,  15:58:45,0,0,0,0,0,0,0,0,0,0,0,0
12/22/2020,  15:58:55,0,0,0,0,0,0,0,0,0,0,0,0
12/22/2020,   15:59:05,39,13,3,0,0,0,0,0,0,0,0,0
12/22/2020,  15:59:15,333,107,12,3,3,3,0,1,3,0,1,3
12/22/2020,  15:59:25,702,222,40,9,9,3,3,4,11,3,4,11
12/22/2020,  15:59:35,444,144,26,6,3,0,1,3,5,1,3,5
12/22/2020,  15:59:45,210,66,9,3,0,0,0,1,1,0,1,1
12/22/2020,  15:59:55,39,13,3,0,0,0,0,0,0,0,0,0
12/22/2020,    16:00:05,51,13,0,0,0,0,0,0,0,0,0,0
12/22/2020,   16:00:15,117,24,0,0,0,0,0,0,0,0,0,0
12/22/2020,   16:00:25,57,12,3,3,3,0,0,0,0,0,0,0
12/22/2020,   16:00:35,69,20,0,0,0,0,0,0,0,0,0,0
12/22/2020,   16:00:45,90,30,3,0,0,0,0,0,0,0,0,0
12/22/2020,   16:00:55,123,41,9,6,6,6,0,0,5,0,0,5
12/22/2020,    16:01:05,126,42,13,6,3,3,0,0,3,0,0,3
12/22/2020,   16:01:15,18,6,0,0,0,0,0,0,0,0,0,0
12/22/2020,   16:01:25,27,9,3,0,0,0,0,0,0,0,0,0
12/22/2020,   16:01:35,27,9,6,0,0,0,0,0,0,0,0,0
12/22/2020,   16:01:45,9,3,3,0,0,0,0,0,0,0,0,0
12/22/2020,   16:01:55,0,0,0,0,0,0,0,0,0,0,0,0
12/22/2020,    16:02:05,0,0,0,0,0,0,0,0,0,0,0,0
12/22/2020,   16:02:15,18,6,0,0,0,0,0,0,0,0,0,0
12/22/2020,   16:02:25,9,3,0,0,0,0,0,0,0,0,0,0
12/22/2020,   16:02:35,27,6,0,0,0,0,0,0,0,0,0,0
12/22/2020,   16:02:45,27,6,3,3,3,0,0,0,0,0,0,0
12/22/2020,   16:02:55,9,3,0,0,0,0,0,0,0,0,0,0
12/22/2020,    16:03:05,30,10,3,3,3,0,0,0,0,0,0,0
12/22/2020,   16:03:16,42,14,3,3,0,0,0,0,0,0,0,0
12/22/2020,   16:03:26,0,0,0,0,0,0,0,0,0,0,0,0
12/22/2020,   16:03:36,0,0,0,0,0,0,0,0,0,0,0,0
12/22/2020,   16:03:46,0,0,0,0,0,0,0,0,0,0,0,0
12/22/2020,   16:03:56,0,0,0,0,0,0,0,0,0,0,0,0
12/22/2020,    16:04:06,0,0,0,0,0,0,0,0,0,0,0,0
12/22/2020,   16:04:16,0,0,0,0,0,0,0,0,0,0,0,0
12/22/2020,   16:04:26,0,0,0,0,0,0,0,0,0,0,0,0
12/22/2020,   16:04:36,0,0,0,0,0,0,0,0,0,0,0,0
12/22/2020,   16:04:46,0,0,0,0,0,0,0,0,0,0,0,0
12/22/2020,   16:04:56,0,0,0,0,0,0,0,0,0,0,0,0
12/22/2020,    16:05:06,0,0,0,0,0,0,0,0,0,0,0,0
12/22/2020,   16:05:16,0,0,0,0,0,0,0,0,0,0,0,0
12/22/2020,   16:05:26,9,3,0,0,0,0,0,0,0,0,0,0
12/22/2020,   16:05:36,9,3,0,0,0,0,0,0,0,0,0,0
12/22/2020,   16:05:46,0,0,0,0,0,0,0,0,0,0,0,0
12/22/2020,   16:05:56,9,3,0,0,0,0,0,0,0,0,0,0
12/22/2020,    16:06:06,9,3,0,0,0,0,0,0,0,0,0,0
12/22/2020,   16:06:16,132,44,9,3,3,3,0,0,2,0,0,2
12/22/2020,   16:06:26,252,80,12,6,6,6,0,0,6,0,0,6
12/22/2020,   16:06:36,297,87,21,3,3,3,0,0,3,0,0,3
12/22/2020,   16:06:46,456,132,42,3,3,3,1,2,5,1,2,5
12/22/2020,   16:06:56,606,186,26,6,6,6,3,4,9,3,4,9
12/22/2020,    16:07:06,570,174,57,6,6,6,1,4,10,1,4,10
12/22/2020,   16:07:16,369,111,35,13,9,9,0,2,11,0,2,11
12/22/2020,   16:07:26,180,52,22,3,3,3,0,0,3,0,0,3
12/22/2020,   16:07:36,45,15,7,0,0,0,0,0,0,0,0,0
12/22/2020,   16:07:46,96,32,6,0,0,0,0,0,0,0,0,0
12/22/2020,   16:07:56,69,23,13,3,3,3,0,0,2,0,0,2
12/22/2020,    16:08:06,207,61,16,6,6,6,0,0,5,0,0,5
12/22/2020,   16:08:16,39,13,3,3,3,3,0,0,1,0,0,1
12/22/2020,   16:08:26,27,9,0,0,0,0,0,0,0,0,0,0
12/22/2020,   16:08:36,27,9,3,3,3,0,0,0,0,0,0,0
12/22/2020,   16:08:46,30,6,3,3,3,0,0,0,0,0,0,0
12/22/2020,   16:08:56,147,41,0,0,0,0,0,0,0,0,0,0
12/22/2020,    16:09:06,138,42,0,0,0,0,0,0,0,0,0,0
12/22/2020,   16:09:16,39,10,3,3,3,3,0,0,1,0,0,1
12/22/2020,   16:09:26,18,3,3,3,3,3,0,0,2,0,0,2
12/22/2020,   16:09:36,0,0,0,0,0,0,0,0,0,0,0,0
12/22/2020,   16:09:46,9,3,0,0,0,0,0,0,0,0,0,0
12/22/2020,   16:09:56,18,6,0,0,0,0,0,0,0,0,0,0
12/22/2020,   16:10:06,18,3,0,0,0,0,0,0,0,0,0,0
12/22/2020,  16:10:16,9,0,0,0,0,0,0,0,0,0,0,0
12/22/2020,  16:10:26,0,0,0,0,0,0,0,0,0,0,0,0
12/22/2020,  16:10:36,9,0,0,0,0,0,0,0,0,0,0,0
12/22/2020,  16:10:46,0,0,0,0,0,0,0,0,0,0,0,0
12/22/2020,  16:10:56,0,0,0,0,0,0,0,0,0,0,0,0
12/22/2020,   16:11:06,0,0,0,0,0,0,0,0,0,0,0,0
12/22/2020,  16:11:16,0,0,0,0,0,0,0,0,0,0,0,0
12/22/2020,  16:11:26,0,0,0,0,0,0,0,0,0,0,0,0
12/22/2020,  16:11:36,0,0,0,0,0,0,0,0,0,0,0,0
12/22/2020,  16:11:46,9,3,0,0,0,0,0,0,0,0,0,0
12/22/2020,  16:11:56,1329,423,144,24,13,13,7,17,28,7,17,28
12/22/2020,   16:12:06,3294,1042,354,80,33,13,20,46,71,19,39,60
12/22/2020,  16:12:16,1110,350,99,20,6,6,5,14,19,5,14,19
12/22/2020,  16:12:26,1722,530,111,15,9,3,10,16,24,10,16,24
12/22/2020,  16:12:36,1458,450,138,9,6,6,7,16,22,7,16,22
12/22/2020,  16:12:46,1206,386,106,6,0,0,6,16,16,6,16,16
12/22/2020,  16:12:56,330,98,52,6,0,0,0,4,4,0,4,4
12/22/2020,   16:13:06,465,147,53,3,3,3,1,3,6,1,3,6
12/22/2020,  16:13:16,345,108,24,10,10,6,0,1,9,0,1,9
12/22/2020,  16:13:34,42,10,0,0,0,0,0,0,0,0,0,0
12/22/2020,  16:13:44,0,0,0,0,0,0,0,0,0,0,0,0
12/22/2020,  16:13:54,33,11,0,0,0,0,0,0,0,0,0,0
12/22/2020,   16:14:04,51,14,0,0,0,0,0,0,0,0,0,0
12/22/2020,  16:14:14,18,3,0,0,0,0,0,0,0,0,0,0
12/22/2020,  16:14:24,51,13,7,0,0,0,0,0,0,0,0,0
12/22/2020,  16:14:34,42,10,7,0,0,0,0,0,0,0,0,0
12/22/2020,  16:14:44,9,3,0,0,0,0,0,0,0,0,0,0
12/22/2020,  16:14:54,9,3,0,0,0,0,0,0,0,0,0,0
12/22/2020,   16:15:04,39,13,0,0,0,0,0,0,0,0,0,0
12/22/2020,  16:15:14,30,10,0,0,0,0,0,0,0,0,0,0
12/22/2020,  16:15:24,27,9,3,0,0,0,0,0,0,0,0,0
12/22/2020,  16:15:34,18,6,3,0,0,0,0,0,0,0,0,0
12/22/2020,  16:15:44,18,6,3,0,0,0,0,0,0,0,0,0
12/22/2020,  16:15:54,18,6,0,0,0,0,0,0,0,0,0,0
12/22/2020,   16:16:04,9,3,0,0,0,0,0,0,0,0,0,0
12/22/2020,  16:16:14,0,0,0,0,0,0,0,0,0,0,0,0
12/22/2020,  16:16:24,0,0,0,0,0,0,0,0,0,0,0,0
12/22/2020,  16:16:34,0,0,0,0,0,0,0,0,0,0,0,0
12/22/2020,  16:16:44,0,0,0,0,0,0,0,0,0,0,0,0
12/22/2020,  16:16:54,45,11,0,0,0,0,0,0,0,0,0,0
12/22/2020,   16:17:04,45,11,0,0,0,0,0,0,0,0,0,0
12/22/2020,  16:17:14,0,0,0,0,0,0,0,0,0,0,0,0
12/22/2020,  16:17:24,0,0,0,0,0,0,0,0,0,0,0,0
12/22/2020,  16:17:34,0,0,0,0,0,0,0,0,0,0,0,0
12/22/2020,  16:17:44,0,0,0,0,0,0,0,0,0,0,0,0
12/22/2020,  16:17:54,0,0,0,0,0,0,0,0,0,0,0,0
12/22/2020,   16:18:09,0,0,0,0,0,0,0,0,0,0,0,0
12/22/2020,  16:18:19,9,3,0,0,0,0,0,0,0,0,0,0
12/22/2020,  16:18:29,126,42,6,3,3,3,0,0,2,0,0,2
12/22/2020,  16:18:39,237,71,15,6,6,6,0,0,6,0,0,6
12/22/2020,  16:18:49,225,67,12,3,3,3,0,0,3,0,0,3
12/22/2020,  16:18:59,219,73,12,6,6,6,0,0,5,0,0,5
12/22/2020,   16:19:09,279,93,10,7,7,7,0,0,6,0,0,6
12/22/2020,  16:19:19,195,61,7,7,7,7,0,0,6,0,0,6
12/22/2020,  16:19:29,183,57,6,0,0,0,0,0,0,0,0,0
12/22/2020,  16:19:39,105,35,3,0,0,0,0,0,0,0,0,0
12/22/2020,  16:19:49,171,57,10,6,6,3,0,0,4,0,0,4
12/22/2020,  16:19:59,141,47,10,6,6,3,0,0,4,0,0,4
12/22/2020,   16:20:09,60,20,0,0,0,0,0,0,0,0,0,0
12/22/2020,  16:20:19,57,19,6,0,0,0,0,0,0,0,0,0
12/22/2020,  16:20:29,39,13,6,0,0,0,0,0,0,0,0,0
12/22/2020,  16:20:39,0,0,0,0,0,0,0,0,0,0,0,0
12/22/2020,  16:20:49,9,3,3,3,3,0,0,0,0,0,0,0
12/22/2020,  16:20:59,27,9,6,6,6,3,0,0,3,0,0,3
12/22/2020,   16:21:09,27,9,3,3,0,0,0,0,0,0,0,0
12/22/2020,  16:21:19,9,3,0,0,0,0,0,0,0,0,0,0
12/22/2020,  16:21:29,0,0,0,0,0,0,0,0,0,0,0,0
12/22/2020,  16:21:39,9,0,0,0,0,0,0,0,0,0,0,0
12/22/2020,  16:21:49,0,0,0,0,0,0,0,0,0,0,0,0
12/22/2020,  16:21:59,9,3,3,3,3,3,0,0,2,0,0,2
12/22/2020,   16:22:09,0,0,0,0,0,0,0,0,0,0,0,0
12/22/2020,  16:22:19,0,0,0,0,0,0,0,0,0,0,0,0
12/22/2020,  16:22:29,0,0,0,0,0,0,0,0,0,0,0,0
12/22/2020,  16:22:39,0,0,0,0,0,0,0,0,0,0,0,0
12/22/2020,  16:22:49,0,0,0,0,0,0,0,0,0,0,0,0
12/22/2020,  16:22:59,9,3,0,0,0,0,0,0,0,0,0,0
12/22/2020,   16:23:09,18,6,0,0,0,0,0,0,0,0,0,0
12/22/2020,  16:23:19,9,3,0,0,0,0,0,0,0,0,0,0
12/22/2020,  16:23:29,0,0,0,0,0,0,0,0,0,0,0,0
12/22/2020,  16:23:39,0,0,0,0,0,0,0,0,0,0,0,0
12/22/2020,  16:23:53,9,3,0,0,0,0,0,0,0,0,0,0
12/22/2020,   16:24:03,39,9,0,0,0,0,0,0,0,0,0,0
12/22/2020,  16:24:13,120,36,7,0,0,0,0,0,0,0,0,0
12/22/2020,  16:24:23,387,125,14,0,0,0,2,2,2,2,2,2
12/22/2020,  16:24:33,252,80,17,3,0,0,0,1,2,0,1,2
12/22/2020,  16:24:43,180,60,16,9,3,0,0,0,4,0,0,4
12/22/2020,  16:24:53,285,92,26,16,13,6,0,0,11,0,0,11
12/22/2020,   16:25:03,195,62,17,7,7,3,0,0,5,0,0,5
12/22/2020,  16:25:13,102,31,6,3,3,3,0,0,2,0,0,2
12/22/2020,  16:25:23,123,35,6,3,3,3,0,0,2,0,0,2
12/22/2020,  16:25:33,117,33,3,0,0,0,0,0,0,0,0,0
12/22/2020,  16:25:43,174,55,3,0,0,0,0,0,0,0,0,0
12/22/2020,  16:25:53,108,32,0,0,0,0,0,0,0,0,0,0
12/22/2020,   16:26:03,63,17,3,0,0,0,0,0,0,0,0,0
12/22/2020,  16:26:13,129,31,6,0,0,0,0,0,0,0,0,0
12/22/2020,  16:26:23,75,21,3,0,0,0,0,0,0,0,0,0
12/22/2020,  16:26:33,21,7,0,0,0,0,0,0,0,0,0,0
12/22/2020,  16:26:43,0,0,0,0,0,0,0,0,0,0,0,0
12/22/2020,  16:26:53,0,0,0,0,0,0,0,0,0,0,0,0
12/22/2020,   16:27:03,0,0,0,0,0,0,0,0,0,0,0,0
12/22/2020,  16:27:13,9,0,0,0,0,0,0,0,0,0,0,0
12/22/2020,  16:27:23,18,3,3,0,0,0,0,0,0,0,0,0
12/22/2020,  16:27:33,9,3,3,0,0,0,0,0,0,0,0,0
12/22/2020,  16:27:43,0,0,0,0,0,0,0,0,0,0,0,0
12/22/2020,  16:27:53,117,35,0,0,0,0,0,0,0,0,0,0
12/22/2020,   16:28:03,138,42,3,0,0,0,0,0,0,0,0,0
12/22/2020,  16:28:13,30,10,3,0,0,0,0,0,0,0,0,0
12/22/2020,  16:28:23,0,0,0,0,0,0,0,0,0,0,0,0
12/22/2020,  16:28:33,9,3,3,3,0,0,0,0,0,0,0,0
12/22/2020,  16:28:43,0,0,0,0,0,0,0,0,0,0,0,0
12/22/2020,  16:28:53,9,3,0,0,0,0,0,0,0,0,0,0
12/22/2020,   16:29:03,18,6,3,0,0,0,0,0,0,0,0,0
12/22/2020,  16:29:13,9,3,3,0,0,0,0,0,0,0,0,0
12/22/2020,  16:29:23,0,0,0,0,0,0,0,0,0,0,0,0
12/22/2020,  16:29:33,0,0,0,0,0,0,0,0,0,0,0,0
12/22/2020,  16:29:43,9,0,0,0,0,0,0,0,0,0,0,0
12/22/2020,  16:29:53,9,0,0,0,0,0,0,0,0,0,0,0
12/22/2020,   16:30:03,0,0,0,0,0,0,0,0,0,0,0,0
12/22/2020,  16:30:13,0,0,0,0,0,0,0,0,0,0,0,0
12/22/2020,  16:30:23,0,0,0,0,0,0,0,0,0,0,0,0
12/22/2020,  16:30:33,0,0,0,0,0,0,0,0,0,0,0,0
12/22/2020,  16:30:43,0,0,0,0,0,0,0,0,0,0,0,0
12/22/2020,  16:30:53,18,6,3,0,0,0,0,0,0,0,0,0
12/22/2020,   16:31:03,57,19,6,0,0,0,0,0,0,0,0,0
12/22/2020,  16:31:13,147,49,20,0,0,0,0,0,0,0,0,0
12/22/2020,  16:31:23,144,48,16,3,3,3,0,0,2,0,0,2
12/22/2020,  16:31:33,225,75,13,3,3,3,0,0,3,0,0,3
12/22/2020,  16:31:43,378,126,10,0,0,0,1,1,1,1,1,1
12/22/2020,  16:31:53,345,111,7,0,0,0,2,2,2,2,2,2
12/22/2020,   16:32:03,273,75,10,0,0,0,1,1,1,1,1,1
12/22/2020,  16:32:13,216,60,16,3,3,3,1,1,4,1,1,4
12/22/2020,  16:32:23,198,62,13,3,3,3,0,0,3,0,0,3
12/22/2020,  16:32:33,306,98,21,0,0,0,1,1,1,1,1,1
12/22/2020,  16:32:43,93,27,0,0,0,0,0,0,0,0,0,0
12/22/2020,  16:32:53,102,30,0,0,0,0,0,0,0,0,0,0
12/22/2020,   16:33:03,69,20,3,0,0,0,0,0,0,0,0,0
12/22/2020,  16:33:13,81,24,6,0,0,0,0,0,0,0,0,0
12/22/2020,  16:33:23,48,16,3,0,0,0,0,0,0,0,0,0
12/22/2020,  16:33:33,57,19,3,0,0,0,0,0,0,0,0,0
12/22/2020,  16:33:43,30,10,3,0,0,0,0,0,0,0,0,0
12/22/2020,  16:33:53,18,6,3,3,3,3,0,0,1,0,0,1
12/22/2020,   16:34:09,27,9,0,0,0,0,0,0,0,0,0,0
12/22/2020,  16:34:19,9,3,0,0,0,0,0,0,0,0,0,0
12/22/2020,  16:34:29,9,3,3,3,3,3,0,0,2,0,0,2
12/22/2020,  16:34:43,78,22,7,0,0,0,0,0,0,0,0,0
12/22/2020,  16:34:53,57,15,0,0,0,0,0,0,0,0,0,0
12/22/2020,   16:35:03,0,0,0,0,0,0,0,0,0,0,0,0
12/22/2020,  16:35:13,0,0,0,0,0,0,0,0,0,0,0,0
12/22/2020,  16:35:23,0,0,0,0,0,0,0,0,0,0,0,0
12/22/2020,  16:35:33,21,7,0,0,0,0,0,0,0,0,0,0
12/22/2020,  16:35:43,21,7,0,0,0,0,0,0,0,0,0,0
12/22/2020,  16:35:53,9,3,0,0,0,0,0,0,0,0,0,0
12/22/2020,   16:36:03,9,3,0,0,0,0,0,0,0,0,0,0
12/22/2020,  16:36:13,0,0,0,0,0,0,0,0,0,0,0,0
12/22/2020,  16:36:23,0,0,0,0,0,0,0,0,0,0,0,0
12/22/2020,  16:36:33,0,0,0,0,0,0,0,0,0,0,0,0
12/22/2020,  16:36:43,0,0,0,0,0,0,0,0,0,0,0,0
12/22/2020,  16:36:53,0,0,0,0,0,0,0,0,0,0,0,0
12/22/2020,   16:37:03,0,0,0,0,0,0,0,0,0,0,0,0
12/22/2020,  16:37:13,0,0,0,0,0,0,0,0,0,0,0,0
12/22/2020,  16:37:23,0,0,0,0,0,0,0,0,0,0,0,0
12/22/2020,  16:37:33,0,0,0,0,0,0,0,0,0,0,0,0
12/22/2020,  16:37:43,0,0,0,0,0,0,0,0,0,0,0,0
12/22/2020,  16:37:53,0,0,0,0,0,0,0,0,0,0,0,0
12/22/2020,   16:38:03,0,0,0,0,0,0,0,0,0,0,0,0
12/22/2020,  16:38:13,0,0,0,0,0,0,0,0,0,0,0,0
12/22/2020,  16:38:23,0,0,0,0,0,0,0,0,0,0,0,0
12/22/2020,  16:38:33,0,0,0,0,0,0,0,0,0,0,0,0
12/22/2020,  16:38:43,0,0,0,0,0,0,0,0,0,0,0,0
12/22/2020,  16:38:53,0,0,0,0,0,0,0,0,0,0,0,0
12/22/2020,   16:39:03,0,0,0,0,0,0,0,0,0,0,0,0
12/22/2020,  16:39:13,0,0,0,0,0,0,0,0,0,0,0,0
12/22/2020,  16:39:23,9,3,0,0,0,0,0,0,0,0,0,0
12/22/2020,  16:39:33,219,45,0,0,0,0,0,0,0,0,0,0
12/22/2020,  16:39:43,162,38,0,0,0,0,0,0,0,0,0,0
12/22/2020,  16:39:53,42,14,0,0,0,0,0,0,0,0,0,0
12/22/2020,   16:40:03,108,36,0,0,0,0,0,0,0,0,0,0
12/22/2020,  16:40:13,99,33,0,0,0,0,0,0,0,0,0,0
12/22/2020,  16:40:23,0,0,0,0,0,0,0,0,0,0,0,0
12/22/2020,  16:40:33,9,3,0,0,0,0,0,0,0,0,0,0
12/22/2020,  16:40:43,39,13,0,0,0,0,0,0,0,0,0,0
12/22/2020,  16:40:53,30,10,0,0,0,0,0,0,0,0,0,0
12/22/2020,   16:41:03,9,3,3,0,0,0,0,0,0,0,0,0
12/22/2020,  16:41:13,27,9,3,0,0,0,0,0,0,0,0,0
12/22/2020,  16:41:23,39,13,0,0,0,0,0,0,0,0,0,0
12/22/2020,  16:41:33,39,13,0,0,0,0,0,0,0,0,0,0
12/22/2020,  16:41:43,60,20,0,0,0,0,0,0,0,0,0,0
12/22/2020,  16:41:53,39,13,0,0,0,0,0,0,0,0,0,0
12/22/2020,   16:42:03,51,17,0,0,0,0,0,0,0,0,0,0
12/22/2020,  16:42:13,18,6,0,0,0,0,0,0,0,0,0,0
12/22/2020,  16:42:23,9,3,0,0,0,0,0,0,0,0,0,0
12/22/2020,  16:42:33,9,3,0,0,0,0,0,0,0,0,0,0
12/22/2020,  16:42:43,39,13,0,0,0,0,0,0,0,0,0,0
12/22/2020,  16:42:53,60,20,0,0,0,0,0,0,0,0,0,0
12/22/2020,   16:43:03,81,27,0,0,0,0,0,0,0,0,0,0
12/22/2020,  16:43:13,138,42,0,0,0,0,0,0,0,0,0,0
12/22/2020,  16:43:23,147,49,0,0,0,0,0,0,0,0,0,0
12/22/2020,  16:43:33,102,31,0,0,0,0,0,0,0,0,0,0
12/22/2020,  16:43:43,45,12,0,0,0,0,0,0,0,0,0,0
12/22/2020,  16:43:53,93,27,0,0,0,0,0,0,0,0,0,0
12/22/2020,   16:44:03,150,46,3,0,0,0,0,0,0,0,0,0
12/22/2020,  16:44:13,114,38,3,0,0,0,0,0,0,0,0,0
12/22/2020,  16:44:23,60,20,3,0,0,0,0,0,0,0,0,0
12/22/2020,  16:44:33,96,26,0,0,0,0,0,0,0,0,0,0
12/22/2020,  16:44:43,135,39,0,0,0,0,0,0,0,0,0,0
12/22/2020,  16:44:53,93,28,0,0,0,0,0,0,0,0,0,0
12/22/2020,   16:45:03,42,10,0,0,0,0,0,0,0,0,0,0
12/22/2020,  16:45:13,9,3,0,0,0,0,0,0,0,0,0,0
12/22/2020,  16:45:23,138,38,3,0,0,0,0,0,0,0,0,0
12/22/2020,  16:45:33,126,38,0,0,0,0,0,0,0,0,0,0
12/22/2020,  16:45:43,63,21,0,0,0,0,0,0,0,0,0,0
12/22/2020,  16:45:53,42,14,0,0,0,0,0,0,0,0,0,0
12/22/2020,   16:46:03,39,10,0,0,0,0,0,0,0,0,0,0
12/22/2020,  16:46:13,18,0,0,0,0,0,0,0,0,0,0,0
12/22/2020,  16:46:23,0,0,0,0,0,0,0,0,0,0,0,0
12/22/2020,  16:46:33,30,10,0,0,0,0,0,0,0,0,0,0
12/22/2020,  16:46:43,18,6,0,0,0,0,0,0,0,0,0,0
12/22/2020,  16:46:53,0,0,0,0,0,0,0,0,0,0,0,0
12/22/2020,   16:47:03,0,0,0,0,0,0,0,0,0,0,0,0
12/22/2020,  16:47:13,0,0,0,0,0,0,0,0,0,0,0,0
12/22/2020,  16:47:23,0,0,0,0,0,0,0,0,0,0,0,0
12/22/2020,  16:47:33,0,0,0,0,0,0,0,0,0,0,0,0
12/22/2020,  16:47:43,0,0,0,0,0,0,0,0,0,0,0,0
12/22/2020,  16:47:53,0,0,0,0,0,0,0,0,0,0,0,0
12/22/2020,   16:48:03,0,0,0,0,0,0,0,0,0,0,0,0
12/22/2020,  16:48:13,0,0,0,0,0,0,0,0,0,0,0,0
12/22/2020,  16:48:23,0,0,0,0,0,0,0,0,0,0,0,0
12/22/2020,  16:48:33,0,0,0,0,0,0,0,0,0,0,0,0
12/22/2020,  16:48:43,0,0,0,0,0,0,0,0,0,0,0,0
12/22/2020,  16:48:53,0,0,0,0,0,0,0,0,0,0,0,0
12/22/2020,   16:49:03,0,0,0,0,0,0,0,0,0,0,0,0
12/22/2020,  16:49:13,0,0,0,0,0,0,0,0,0,0,0,0
12/22/2020,  16:49:23,0,0,0,0,0,0,0,0,0,0,0,0
12/22/2020,  16:49:33,0,0,0,0,0,0,0,0,0,0,0,0
12/22/2020,  16:49:43,0,0,0,0,0,0,0,0,0,0,0,0
12/22/2020,  16:49:53,0,0,0,0,0,0,0,0,0,0,0,0
12/22/2020,   16:50:03,0,0,0,0,0,0,0,0,0,0,0,0
12/22/2020,  16:50:13,0,0,0,0,0,0,0,0,0,0,0,0
12/22/2020,  16:50:23,0,0,0,0,0,0,0,0,0,0,0,0
12/22/2020,  16:50:33,0,0,0,0,0,0,0,0,0,0,0,0
12/22/2020,  16:50:43,0,0,0,0,0,0,0,0,0,0,0,0
12/22/2020,  16:50:53,0,0,0,0,0,0,0,0,0,0,0,0
12/22/2020,   16:51:03,21,3,0,0,0,0,0,0,0,0,0,0
12/22/2020,  16:51:13,42,10,0,0,0,0,0,0,0,0,0,0
12/22/2020,  16:51:23,21,7,0,0,0,0,0,0,0,0,0,0
12/22/2020,  16:51:33,9,3,0,0,0,0,0,0,0,0,0,0
12/22/2020,  16:51:43,9,3,0,0,0,0,0,0,0,0,0,0
12/22/2020,  16:51:53,9,3,0,0,0,0,0,0,0,0,0,0
12/22/2020,   16:52:03,9,3,0,0,0,0,0,0,0,0,0,0
12/22/2020,  16:52:13,0,0,0,0,0,0,0,0,0,0,0,0
12/22/2020,  16:52:23,0,0,0,0,0,0,0,0,0,0,0,0
12/22/2020,  16:52:33,0,0,0,0,0,0,0,0,0,0,0,0
12/22/2020,  16:52:43,0,0,0,0,0,0,0,0,0,0,0,0
12/22/2020,  16:52:53,0,0,0,0,0,0,0,0,0,0,0,0
12/22/2020,   16:53:03,0,0,0,0,0,0,0,0,0,0,0,0
12/22/2020,  16:53:13,0,0,0,0,0,0,0,0,0,0,0,0
12/22/2020,  16:53:23,0,0,0,0,0,0,0,0,0,0,0,0
12/22/2020,  16:53:33,0,0,0,0,0,0,0,0,0,0,0,0
12/22/2020,  16:53:43,33,11,0,0,0,0,0,0,0,0,0,0
12/22/2020,  16:53:53,54,14,0,0,0,0,0,0,0,0,0,0
12/22/2020,   16:54:03,21,3,0,0,0,0,0,0,0,0,0,0
12/22/2020,  16:54:13,0,0,0,0,0,0,0,0,0,0,0,0
12/22/2020,  16:54:23,0,0,0,0,0,0,0,0,0,0,0,0
12/22/2020,  16:54:33,9,3,0,0,0,0,0,0,0,0,0,0
12/22/2020,  16:54:43,0,0,0,0,0,0,0,0,0,0,0,0
12/22/2020,  16:54:53,18,6,0,0,0,0,0,0,0,0,0,0
12/22/2020,   16:55:03,9,3,0,0,0,0,0,0,0,0,0,0
12/22/2020,  16:55:13,27,9,6,0,0,0,0,0,0,0,0,0
12/22/2020,  16:55:23,27,9,6,0,0,0,0,0,0,0,0,0
12/22/2020,  16:55:33,0,0,0,0,0,0,0,0,0,0,0,0
12/22/2020,  16:55:43,9,3,0,0,0,0,0,0,0,0,0,0
12/22/2020,  16:55:53,9,3,0,0,0,0,0,0,0,0,0,0
12/22/2020,   16:56:03,9,3,0,0,0,0,0,0,0,0,0,0
12/22/2020,  16:56:13,9,3,0,0,0,0,0,0,0,0,0,0
12/22/2020,  16:56:23,0,0,0,0,0,0,0,0,0,0,0,0
12/22/2020,  16:56:33,9,0,0,0,0,0,0,0,0,0,0,0
12/22/2020,  16:56:43,9,0,0,0,0,0,0,0,0,0,0,0
12/22/2020,  16:56:53,9,3,0,0,0,0,0,0,0,0,0,0
12/22/2020,   16:57:03,0,0,0,0,0,0,0,0,0,0,0,0
12/22/2020,  16:57:13,0,0,0,0,0,0,0,0,0,0,0,0
12/22/2020,  16:57:23,0,0,0,0,0,0,0,0,0,0,0,0
12/22/2020,  16:57:33,0,0,0,0,0,0,0,0,0,0,0,0
12/22/2020,  16:57:43,0,0,0,0,0,0,0,0,0,0,0,0
12/22/2020,  16:57:53,0,0,0,0,0,0,0,0,0,0,0,0
12/22/2020,   16:58:03,0,0,0,0,0,0,0,0,0,0,0,0
12/22/2020,  16:58:13,0,0,0,0,0,0,0,0,0,0,0,0
12/22/2020,  16:58:23,0,0,0,0,0,0,0,0,0,0,0,0
12/22/2020,  16:58:33,0,0,0,0,0,0,0,0,0,0,0,0
12/22/2020,  16:58:43,9,0,0,0,0,0,0,0,0,0,0,0
12/22/2020,  16:58:53,9,0,0,0,0,0,0,0,0,0,0,0
12/22/2020,   16:59:03,9,3,3,3,3,0,0,0,1,0,0,1
12/22/2020,  16:59:13,9,3,3,3,3,3,0,0,1,0,0,1
12/22/2020,  16:59:23,9,3,3,3,3,3,0,0,2,0,0,2
12/22/2020,  16:59:33,0,0,0,0,0,0,0,0,0,0,0,0
12/22/2020,  16:59:43,9,3,0,0,0,0,0,0,0,0,0,0
12/22/2020,  16:59:53,9,3,0,0,0,0,0,0,0,0,0,0
12/22/2020,    17:00:03,9,3,0,0,0,0,0,0,0,0,0,0
12/22/2020,   17:00:13,0,0,0,0,0,0,0,0,0,0,0,0
12/22/2020,   17:00:23,0,0,0,0,0,0,0,0,0,0,0,0
12/22/2020,   17:00:33,9,3,0,0,0,0,0,0,0,0,0,0
12/22/2020,   17:00:43,9,3,0,0,0,0,0,0,0,0,0,0
12/22/2020,   17:00:53,0,0,0,0,0,0,0,0,0,0,0,0
12/22/2020,    17:01:03,0,0,0,0,0,0,0,0,0,0,0,0
12/22/2020,   17:01:13,0,0,0,0,0,0,0,0,0,0,0,0
12/22/2020,   17:01:23,0,0,0,0,0,0,0,0,0,0,0,0
12/22/2020,   17:01:33,0,0,0,0,0,0,0,0,0,0,0,0
12/22/2020,   17:01:43,0,0,0,0,0,0,0,0,0,0,0,0
12/22/2020,   17:01:53,0,0,0,0,0,0,0,0,0,0,0,0
12/22/2020,    17:02:03,0,0,0,0,0,0,0,0,0,0,0,0
12/22/2020,   17:02:13,9,3,0,0,0,0,0,0,0,0,0,0
12/22/2020,   17:02:23,9,3,0,0,0,0,0,0,0,0,0,0
12/22/2020,   17:02:33,0,0,0,0,0,0,0,0,0,0,0,0
12/22/2020,   17:02:43,0,0,0,0,0,0,0,0,0,0,0,0
12/22/2020,   17:02:53,0,0,0,0,0,0,0,0,0,0,0,0
12/22/2020,    17:03:03,9,3,0,0,0,0,0,0,0,0,0,0
12/22/2020,   17:03:13,9,3,0,0,0,0,0,0,0,0,0,0
12/22/2020,   17:03:23,0,0,0,0,0,0,0,0,0,0,0,0
12/22/2020,   17:03:33,0,0,0,0,0,0,0,0,0,0,0,0
12/22/2020,   17:03:43,0,0,0,0,0,0,0,0,0,0,0,0
12/22/2020,   17:03:53,0,0,0,0,0,0,0,0,0,0,0,0
12/22/2020,    17:04:03,9,3,0,0,0,0,0,0,0,0,0,0
12/22/2020,   17:04:13,18,6,0,0,0,0,0,0,0,0,0,0
12/22/2020,   17:04:23,9,3,0,0,0,0,0,0,0,0,0,0
12/22/2020,   17:04:33,0,0,0,0,0,0,0,0,0,0,0,0
12/22/2020,   17:04:43,0,0,0,0,0,0,0,0,0,0,0,0
12/22/2020,   17:04:53,0,0,0,0,0,0,0,0,0,0,0,0
12/22/2020,    17:05:03,0,0,0,0,0,0,0,0,0,0,0,0
12/22/2020,   17:05:13,0,0,0,0,0,0,0,0,0,0,0,0
12/22/2020,   17:05:23,0,0,0,0,0,0,0,0,0,0,0,0
12/22/2020,   17:05:33,0,0,0,0,0,0,0,0,0,0,0,0
12/22/2020,   17:05:43,0,0,0,0,0,0,0,0,0,0,0,0
12/22/2020,   17:05:53,9,0,0,0,0,0,0,0,0,0,0,0
12/22/2020,    17:06:03,66,19,3,0,0,0,0,0,0,0,0,0
12/22/2020,   17:06:13,0,0,0,0,0,0,0,0,0,0,0,0
12/22/2020,   17:06:23,0,0,0,0,0,0,0,0,0,0,0,0
12/22/2020,   17:06:33,0,0,0,0,0,0,0,0,0,0,0,0
12/22/2020,   17:06:43,0,0,0,0,0,0,0,0,0,0,0,0
12/22/2020,   17:06:53,0,0,0,0,0,0,0,0,0,0,0,0
12/22/2020,    17:07:03,9,3,0,0,0,0,0,0,0,0,0,0
12/22/2020,   17:07:13,9,3,0,0,0,0,0,0,0,0,0,0
12/22/2020,   17:07:23,0,0,0,0,0,0,0,0,0,0,0,0
12/22/2020,   17:07:33,0,0,0,0,0,0,0,0,0,0,0,0
12/22/2020,   17:07:43,0,0,0,0,0,0,0,0,0,0,0,0
12/22/2020,   17:07:53,0,0,0,0,0,0,0,0,0,0,0,0
12/22/2020,    17:08:03,0,0,0,0,0,0,0,0,0,0,0,0
12/22/2020,   17:08:13,0,0,0,0,0,0,0,0,0,0,0,0
12/22/2020,   17:08:23,0,0,0,0,0,0,0,0,0,0,0,0
12/22/2020,   17:08:33,0,0,0,0,0,0,0,0,0,0,0,0
12/22/2020,   17:08:43,0,0,0,0,0,0,0,0,0,0,0,0
12/22/2020,   17:08:53,9,3,0,0,0,0,0,0,0,0,0,0
12/22/2020,    17:09:03,9,3,0,0,0,0,0,0,0,0,0,0
12/22/2020,   17:09:13,9,3,0,0,0,0,0,0,0,0,0,0
12/22/2020,   17:09:23,18,3,0,0,0,0,0,0,0,0,0,0
12/22/2020,   17:09:33,9,0,0,0,0,0,0,0,0,0,0,0
12/22/2020,   17:09:43,9,0,0,0,0,0,0,0,0,0,0,0
